name,age,street,city,state,zip,lng,lat
James Stafford,73,876 Rivera Squares,Port Jason,New Hampshire,60025,-139.396710,-29.286733
Donald Davis,19,8587 Reed Light,Jamesberg,Connecticut,67789,-90.572524,-36.912299
Melissa Waters,35,676 Amy Ridges Suite 169,Timothychester,Maryland,79609,-51.498320,-5.750014
Taylor Floyd,28,082 Thomas Fall Apt. 746,North Samuel,Minnesota,55436,-65.241163,39.210252
April Rosario,58,0158 Pearson Curve Suite 438,Berryhaven,Colorado,67018,-40.637525,-80.3005815
James Washington,78,0993 Daniel Pass,Doughertychester,Indiana,60402,-118.113337,73.2743995
Benjamin Myers,50,7206 Brown Forks Suite 315,Lopezshire,Washington,41204,174.242569,55.528093
James Gallagher,77,296 John Overpass Suite 281,Jenniferborough,Arizona,59600,104.187945,77.776713
Eric Bell,29,069 Christopher Islands,Shermanfurt,New Mexico,07688,92.317440,12.251204
Michael Campbell,34,3769 Melissa Locks Apt. 848,West Ericstad,Alaska,71657,-65.085430,-20.4217525
Julia Stephens,49,36961 Thomas Lights Suite 413,North Derekhaven,Wisconsin,16533,-34.113949,83.7653165
Samantha Banks,20,05546 Ronald Walk Apt. 325,Lake Jay,Vermont,11275,96.180607,49.545938
Connor Figueroa,70,416 Dixon Drives,South Loriton,New Jersey,81327,-60.444596,34.532315
Miguel Mcneil,52,44389 Nichols Pass Apt. 820,New Robertview,California,94162,25.838524,60.7985955
Mr. Brandon Mejia,79,9711 Cruz Creek Apt. 556,Tonyberg,Alaska,87067,-38.294449,60.444899
Bethany Duncan,51,632 Alyssa Glen,Garzabury,Florida,67411,157.718284,-4.511699
Paul Clark,45,9300 Tina Cape,Andersonmouth,Ohio,57009,-40.828081,24.146440
Douglas Phillips,71,7387 Morrow Flats,Josephland,Nebraska,94773,-102.529136,-30.458175
Jenna Hale,20,09872 Galvan Mission,Rodriguezfurt,West Virginia,14605,8.525400,-71.8237585
Victoria Pena,75,048 Mccall Pass Suite 992,Lake Sandra,Maine,66191,167.754072,-51.0590995
Kelly Lewis,55,2236 Jackson Curve,New Corey,Washington,83264,44.531648,-54.304371
Mary Mckinney,28,77382 Jennifer Meadow Apt. 398,Lake Samuelland,Rhode Island,30303,115.672293,87.663035
Anna Martinez,29,391 Morrison Springs Suite 314,Lindsaytown,South Carolina,82786,54.491036,22.804597
Rachel Maxwell,23,721 Randolph Pass,North Hollyton,Mississippi,28324,-38.111178,18.4203955
Chris Hayes,78,9484 Perez Rapids Suite 323,South Rebecca,Montana,05099,105.355444,78.593282
Cynthia Nelson,77,878 Hughes Forge Suite 959,Port Amandafort,South Dakota,89759,-151.052493,62.292041
Jeremy Hays,61,614 Swanson Mills Suite 250,Port Amber,Tennessee,04426,137.867853,84.8861355
Nicole Marshall,56,5805 Diane Port Suite 833,North Christopher,Indiana,14948,48.349801,89.3582115
Jessica Torres,51,51999 Adam Field,Mooreland,Indiana,69575,104.371106,37.049066
Kathy Thompson,60,1688 Hines Branch,New Brenttown,Arizona,69742,-95.902360,-85.101652
Anthony Martinez,42,92757 Hill Port,Mejiaville,Wisconsin,95227,149.232185,-12.457083
James Gray,74,0661 Lisa Vista Apt. 967,Harrisville,Nebraska,93126,149.033118,-7.5332825
Jessica West,60,7715 Mendez Mountain Suite 023,East Derekbury,Indiana,38334,96.002107,9.1305335
Jeffrey Hansen,18,621 Weaver Crossing,Port Timothyshire,Tennessee,21869,-4.752980,58.048930
Stephanie Knight,56,196 Kyle Grove Apt. 806,West Michael,Ohio,11447,-18.802509,-26.2431735
Madison Lynch,64,42753 Pamela Meadow,Brownhaven,Florida,56545,-7.041198,7.3139025
John Snyder,71,928 Perry Springs,Randalltown,Arizona,80137,4.758184,-29.5528565
Kevin Howard,80,703 Petty Track Apt. 664,Julieborough,Massachusetts,88332,97.102044,-17.923355
Melissa Adams,71,38436 Brian Ramp,Port Michaelhaven,Wisconsin,34596,67.196119,-62.6422135
Barbara Wilson,43,92103 Bailey Land,East Stevenport,New York,22334,50.407462,6.0904295
Kristen Campos,28,36445 Brenda Underpass Apt. 625,Teresaview,California,15990,-37.064354,-11.663001
Taylor Jones,61,5230 Morales Ranch Suite 426,Craigville,Idaho,18163,-73.188098,63.3076025
Casey Burke,36,435 Anderson Vista,Richardfurt,Idaho,02937,68.493275,-7.9116325
Vanessa Bentley,61,330 Webster Overpass,Port Samantha,North Carolina,38265,-99.380521,-89.279704
Brooke Donaldson,60,411 James Throughway Suite 934,Lake Autumnbury,Wisconsin,37918,68.908800,-13.7974265
Sarah Hunt,50,572 Anthony Heights,Kaneville,New York,64425,-162.096190,-53.642400
Linda Thompson,64,5700 Matthew Rapids Apt. 033,North Randyton,Kentucky,88056,-171.694757,2.389684
Samuel Watson,44,94066 Cuevas Canyon Suite 995,North Patriciamouth,South Dakota,89606,-9.432844,-61.366880
Melanie Jimenez,79,9045 Brown Stravenue Suite 576,Michaelaton,Maine,57319,-60.830812,1.175589
Debra Ochoa,24,0798 Sarah Garden Apt. 015,South Aarontown,Kentucky,30210,-8.542343,-32.1630765
Nicholas Brandt,24,08604 Christopher Spurs,South Monicahaven,New Mexico,08315,121.857655,67.438119
Alexis Franklin,60,985 Gill Islands Suite 140,Samanthaton,Georgia,33599,52.771161,-27.209201
Shane Howard,32,759 Leslie Parkway Suite 278,Anthonyside,Florida,60335,98.417577,44.541819
Stanley Lynch,23,001 Thompson Curve Apt. 258,South James,Missouri,74900,-168.690919,-36.0145155
Kevin Crawford,62,0192 Tommy Union Apt. 320,South Nicolechester,California,25851,47.234290,31.826632
Andrea Hunter,54,4323 Donald Springs,Karenbury,Maine,10931,-49.627334,10.6140405
Patricia Williams,44,606 Melinda Trafficway Apt. 234,New Joanne,Maryland,00578,-77.205351,-47.422904
Kaylee Austin,63,050 Gregory Plaza Apt. 062,West Jennifer,Minnesota,40501,-43.706396,-9.876942
Michael French,75,0249 Berry Gardens,Cruzfurt,South Dakota,72434,24.279972,43.6945645
Edward Lloyd,49,52192 Cruz Mills Suite 228,Port Amanda,Illinois,07548,155.866116,53.019614
Lee Dawson,55,290 Christopher Grove Suite 666,Port Kevin,Maryland,22581,-56.446253,-47.7985635
Michelle Nguyen,30,394 Sullivan Pass Suite 274,West Heidichester,Minnesota,68125,114.299735,-78.5094845
Anna Campbell,19,17811 Johnson View,Greenstad,Wyoming,93796,-41.391092,56.0446645
Catherine Harris,23,3299 Rice Freeway Apt. 858,Kathrynmouth,Oregon,51322,54.771273,72.8103725
Laura Medina,29,6760 Coleman Crossroad Suite 123,East Brendaburgh,North Carolina,80349,-109.148520,70.7828635
Katherine Douglas,20,1792 Rachel Hill,Debrachester,New Jersey,39353,-136.973583,64.3482095
Susan Collins,57,380 Peter Trafficway Apt. 754,Port Karenbury,Hawaii,74070,1.513637,57.6824175
Kristin Garcia,73,215 Scott Port Suite 193,New Aaron,California,55267,148.292987,-53.769017
Nichole Young,68,0268 Cox Falls Apt. 689,West Jessica,Georgia,47402,-8.896696,29.235061
Douglas Davis,25,109 Webb Branch Suite 343,East John,Kansas,09254,107.926055,78.088033
Nathaniel Kelly,44,18104 Williams Haven Suite 018,Weberfurt,Mississippi,01500,49.252002,43.2154785
Sarah Cabrera,30,28384 Jessica Ranch,Port Jennifer,Iowa,58350,103.419275,-34.4319615
Richard Byrd,68,657 Short Ways,Smithtown,Illinois,24008,-43.117144,-40.444418
Elizabeth Barnes,69,4589 Peters Station Apt. 421,Blackchester,Minnesota,22216,166.415600,56.190864
Michael Mclaughlin,31,497 Mcpherson Estate Suite 507,Jonesfurt,Connecticut,12626,94.494657,-53.344112
Angela Wood,46,04919 Michael Prairie,Bradleyland,Ohio,39699,167.399431,-85.1694195
Elizabeth Valencia,67,749 David Stream,Lake Dustin,Michigan,65684,127.324086,-85.1283855
John Paul,28,648 Rodney Walk,Bonniechester,Mississippi,06427,-136.601515,39.2089835
Felicia Burns,58,02184 Shannon Street Suite 793,Kimberlymouth,Michigan,01230,-84.830522,55.1928785
Dennis Griffith,51,1494 Zachary Club Apt. 161,Christopherhaven,Rhode Island,24936,-133.451888,50.6745715
Breanna Keller,18,903 George Centers Suite 118,Tammybury,Maine,17924,-59.648616,-72.4590085
Ian Miller,54,05702 Jenna Way,New Jordan,Rhode Island,86874,157.491046,-72.141070
Madison Henderson,28,197 Gibson Spurs Apt. 323,Dunnville,Alaska,67732,-90.074450,-70.9255095
Carla Ayala,75,5076 Seth Ville Suite 291,Katherineburgh,California,28866,16.085880,-48.6966455
Tanya Cervantes,55,57079 Simon Avenue,Lake Brookestad,Missouri,67277,6.382794,74.5863915
Amanda Delgado,24,720 Donna Spring,Newtonborough,Rhode Island,09665,-83.691594,-89.6315335
Hunter Gray,43,95713 Lawson Mews Suite 934,East Jamesville,Ohio,33102,-96.928004,65.245163
Rebecca Hernandez,73,443 Bowman Shore Apt. 191,Phyllisville,New Jersey,37632,-78.630409,87.3329595
Joel Johnson,39,002 Stephanie Plaza,South Danielleberg,Oklahoma,08792,-117.337816,-49.1929805
Bradley Johnson,61,44614 Wallace Square,Wandamouth,Georgia,99768,-127.389333,64.862906
Melanie Moore,63,58084 John Turnpike,Whitestad,Wisconsin,69344,13.872846,-7.005599
Jonathan Wise,23,4345 Villarreal Viaduct Apt. 941,Lake Jorgeside,Maryland,01317,-133.650410,-31.8318505
Sandra Cummings,65,2080 Day Drive Apt. 949,Frankmouth,Idaho,33978,17.110595,2.2683695
David Smith,18,96560 Gonzalez Grove,Gibsonmouth,New Mexico,44837,58.881256,47.935697
Laura Harvey,72,5871 Walton Gardens,Brandonbury,Iowa,33867,129.654877,-24.632644
Thomas Long,35,6782 Montgomery Vista,Lake Bonnieburgh,Florida,66202,-2.295809,-26.4633915
Mrs. Donna Wilson DDS,41,78671 Sean Well Apt. 540,Port Joseph,Missouri,03912,-116.366712,-62.214456
Crystal Waller,26,56097 Barber Center Suite 210,East Cherylshire,Maryland,14990,-100.037552,-15.660706
Yolanda Ramsey,79,9748 Dwayne Ville Apt. 756,South Christinechester,South Carolina,39121,-52.681151,26.7429485
Dylan Robinson,26,332 Melissa Extensions Apt. 584,Ethanton,North Dakota,52914,138.396322,-85.1160295
Erica Phillips,65,64665 Michael Views,Morrisburgh,Massachusetts,29315,-162.498397,-66.813299
Jacob Campbell,60,6531 Gibson Island,East Conniemouth,Virginia,57677,93.417658,-45.679054
Mark Leon,55,879 Moore Forks,East Heather,South Dakota,95266,-49.776450,43.4310445
Jennifer Herrera,22,902 Laura Plain,North Keithburgh,Texas,23359,-17.399180,-5.284134
Phillip Pacheco,51,24812 Love Landing,Port Deborah,Indiana,18469,46.465956,-9.1102375
Bryan Ford,66,10880 Robinson Freeway Apt. 871,Fischerfort,North Dakota,42764,63.954774,77.867369
Jonathan Brown,73,1232 Dakota Cliff,Crossburgh,Illinois,42753,-139.974315,88.7271485
John Fitzpatrick,64,3825 Velasquez Branch Apt. 719,Lake Brian,Maine,51949,162.633969,-64.0528775
Cory Lowe,44,52251 Cain Alley Suite 570,Waltonview,Missouri,10893,-159.501771,-29.922269
Christina Tran,24,960 Reynolds Station Suite 673,Coxmouth,Louisiana,63830,115.642426,-35.021147
Cynthia Frank,27,07895 Mullins Stravenue Apt. 157,Gabrielfort,Rhode Island,16738,104.449960,83.331075
Thomas Franco,73,01443 Sharon Bypass Suite 044,Suzannefort,South Carolina,79265,-106.355248,16.629496
Kenneth Holmes,57,37271 Travis Common Suite 568,West Anthonyberg,Oklahoma,23974,-101.338779,59.7073055
Madeline Guzman,32,537 Wolf Wells Suite 256,Stephanieton,Oregon,27147,153.611273,-74.4539425
Brandon Mooney,61,84197 Angela Street,Lake Ericmouth,Oregon,18019,101.027351,-78.032064
Nicholas Knight,54,04916 Fields Ports,Port Kellie,Kentucky,28956,142.371707,35.922150
Michael Perkins,22,895 Haas Vista Suite 698,Ramirezborough,Colorado,32715,82.138753,-70.674585
Arthur Tate,35,489 Bradley Summit Apt. 281,Hammondbury,Maryland,11511,-114.900937,21.3224985
Brent Johnson,53,40565 William Spring,Williamport,New Mexico,83853,-50.622078,-8.183026
Jessica Miller,43,41676 Nelson Mill Suite 734,West David,Arizona,49767,-31.830337,67.4581955
Alison Munoz,39,1724 Amanda Turnpike Apt. 122,New Jasmineside,Rhode Island,73793,-141.579448,-50.436158
Nicholas Nelson,33,20716 Guzman Turnpike,Perryshire,Kentucky,17832,127.212988,88.312175
Brianna Dean,73,85016 Richardson Common Suite 983,Parkbury,Rhode Island,67751,30.543825,80.0162935
Robert Cannon,33,071 Stacy Groves,Ryanhaven,Tennessee,93433,4.143885,-17.935741
Joseph Bryan,72,1223 Anita Junction,Lake Ricky,Arizona,77808,-152.071463,-80.1782205
Joseph Mitchell,73,84896 Daniel Drive Apt. 042,Riosburgh,New Jersey,78875,1.535590,73.1665605
Travis Baker,31,40852 Megan Bypass Suite 516,Michellemouth,South Dakota,41513,-95.525618,12.8202925
Dr. Jaclyn Robinson,38,97737 Jeffery Isle,South Tinatown,Kentucky,96092,-98.266475,30.768148
Amber Mclean,60,9320 Lowery Glens Suite 925,Harperstad,Wisconsin,43572,-179.964477,38.397384
Katie Booth,48,4931 Kenneth Mills,Port Ericatown,Mississippi,32491,89.459123,-41.6246685
Brittany Goodman,52,2726 Simpson Spring Apt. 898,Floresshire,Alaska,19869,-174.858925,78.7772755
Christopher Davis,24,17368 Allen Camp,North Rachel,Kentucky,36454,117.977251,80.694614
Dalton Hancock,67,987 Smith Plain,Hughesside,California,57517,-67.315261,-25.143622
Shelby Bolton,72,7064 Karen Path Suite 259,Port Tiffany,New York,40170,-160.207137,67.7976245
Mr. Micheal Howard,59,673 Avila Cliff Suite 938,Port Ethanchester,California,19418,107.141454,-28.7760875
Brenda Lee,48,60211 Heather Knolls Apt. 370,Harrismouth,Alaska,14503,-54.630422,55.0134725
Donald Rodriguez,62,5082 Myers Causeway Apt. 406,West Kendraville,Oklahoma,72737,-51.053503,-0.334001
David Martinez,36,482 Christopher Roads Suite 876,Careystad,Iowa,10333,152.609165,-54.7989675
Mrs. Latoya Moore DDS,39,66149 Johnson Inlet Apt. 883,Rosebury,Georgia,05603,25.403656,-27.213908
Angela Harris,76,7049 Madden Ports Suite 678,West Matthewton,California,95730,-20.157854,10.9203475
Phillip Mccormick,38,06555 Richard Ranch,Lake Jillville,California,56508,49.569096,-79.449945
Holly Anderson,56,59728 Yang Green,North Debra,Illinois,30936,-70.371768,-11.110177
Julia Davis,41,091 Suzanne Summit,Lake Glennburgh,Montana,79251,-159.860678,18.968971
Lori Collins,70,60242 David Locks,Goodmanfurt,Utah,22615,111.351333,-77.2375515
Andrew Bennett,46,72394 Weaver River Apt. 395,Lake Denise,New York,79229,-52.498204,-42.939056
Ashley Burton,65,378 Larry Route,New Amandaborough,Rhode Island,24946,-36.713352,14.727988
Veronica Robinson,18,831 Gonzalez Trafficway Suite 446,South Shelby,Indiana,42542,-26.655768,9.0899755
Alexandra Gonzales,53,796 Owen Shoal,Bestport,California,76591,-90.945949,-14.979744
Nancy Marshall,32,6880 Wilkins Plains Suite 935,Batesstad,North Dakota,60047,-34.709001,-20.493320
Benjamin Benjamin,23,5945 Daniel Knolls Suite 173,Lake Gary,Arkansas,11041,-146.024163,-40.989707
Austin Walsh,25,292 Edward Streets Suite 922,Millerborough,Oklahoma,95046,113.745146,-65.093143
Dr. Benjamin Hammond,50,9178 Thomas Rapid,Leeside,Nevada,62846,-23.909456,-64.2926715
Amanda Williams,44,3039 Kristy Light Suite 875,South Scottview,Virginia,08382,-36.462887,-45.7525105
Ashley Stevens,53,669 John Brook Suite 388,New Kathleenside,Texas,08067,40.770423,9.6031675
Robert Levy,76,02223 Hensley Meadow Suite 636,Patriciafort,Hawaii,56941,-27.976408,55.504548
Zachary Gomez MD,49,023 Williams Views Suite 841,South Nathanchester,North Carolina,23757,-95.626982,-9.412838
Deborah Kent DVM,45,0158 Walton Vista Suite 373,North Anthony,Washington,77342,-14.687486,77.004558
Patricia Schneider,36,961 Hughes Orchard,Port Nathan,Arkansas,23716,-87.789517,-41.3206925
Michael Mccoy,24,62671 Bradley Haven,South Herbert,Texas,11351,-13.626240,36.1024895
Nicholas Griffin,72,3413 Sherman Prairie,Marquezton,Indiana,45238,-121.949706,23.173324
Mary Bryant,38,6611 Sandra Glen Suite 141,North Crystal,Louisiana,80910,126.033185,67.426460
Valerie Mccarty DVM,69,16084 Davenport Extensions,South Kellyberg,Utah,72975,-164.476414,-49.4159665
Anthony Mejia,34,10136 David Burgs Suite 607,New Kim,Alaska,59522,156.652201,-47.277172
Angela Reed,55,328 Stanley Wall,Wilkinsfurt,California,74374,77.218833,-10.8460725
Paula Anderson,59,485 Eaton Wall Apt. 284,North Barryburgh,Connecticut,50726,13.530634,-21.4361255
Brandy Walls,71,53053 Lucas View Suite 882,Bestchester,Alabama,89656,49.303631,25.9782155
Jeffrey Ryan,25,949 Gray Shoals,Nicholsonton,South Carolina,14541,-153.000776,-16.1518015
Angela King,67,837 Miller Canyon,North Timothy,New Mexico,58245,-83.754914,3.8103475
Marissa Harris,43,79459 Sonya Locks Suite 265,Lake Richardfurt,New Mexico,92586,18.492186,81.9287575
Ashley Hubbard,69,663 Wheeler Fords,Victoriahaven,Alabama,51276,-148.596122,65.013203
Michele Dawson,74,14242 Bethany Common,Lake Sethtown,Kansas,63814,-106.715400,-30.4623665
Kendra Watson,68,615 John Walks,Dylantown,Delaware,96793,-91.406545,-54.407427
Julia Proctor,38,78144 Michael Throughway Suite 883,West Timothy,Georgia,66965,-165.329183,-7.966537
William Myers,38,98568 Andrew Gateway,Shannonmouth,Rhode Island,49909,-84.077224,36.628656
Alicia Adkins,54,023 Sarah Prairie,Taylorshire,Wisconsin,11167,137.674821,-73.5929625
Elizabeth Smith,61,542 Sanford Glen,New Katherineview,Connecticut,17301,-102.424637,24.464169
Alyssa Anderson,62,3625 Cruz Estates Suite 316,Lake Holly,California,98602,158.947089,65.568964
Jessica Phillips,52,685 Katherine Knolls Apt. 433,Michellestad,Tennessee,27857,73.037572,83.7649895
Jenny Kelley,45,56944 Jones Creek,Johnberg,Kentucky,43221,21.539812,20.1809515
Mary Graves,32,441 Russell Drive,Lake Jeremiah,Florida,47775,178.890710,-78.9440535
Nicole Schaefer,76,97031 Shelby Tunnel,South Nancy,Georgia,73667,-101.388282,-27.921828
Patricia Hunter,67,96936 Cole Hill,Lake Jacquelinemouth,Louisiana,84500,-59.857584,32.977734
Melissa Wilson,61,7451 Victoria Bypass Apt. 882,Joeton,South Carolina,59654,149.793314,62.3836545
Charles Castro,58,6976 Carlson Tunnel Suite 148,Lake Sydney,Kansas,80037,-121.473368,-26.2092535
Maria Diaz,61,47432 Hines Inlet,Matthewland,New Hampshire,02788,-20.833912,-33.412874
John Moore,21,5544 Burch Circle,Meyermouth,Wisconsin,61486,101.675215,-79.1933635
Diane Meyer,61,0482 Jonathan Spurs,New Aaron,Wisconsin,08299,142.653027,8.9160975
Isaiah Martin,55,3078 Cherry Unions Apt. 874,Bettyville,California,54868,-114.489068,-71.027587
Mark Collins,56,2512 Michael Forges,South Jamesmouth,Alabama,48934,82.995669,85.6071275
Grace Mathis,24,50651 Jenkins Isle Suite 908,West Allison,Wisconsin,92038,-54.571941,71.705112
Sean Mccormick,53,32090 Tyler Islands Apt. 048,North Scottburgh,Florida,82096,126.971983,61.9708425
Michael Farrell,68,3126 Kimberly Pines,Johnsontown,Illinois,07850,16.014320,1.3976585
Wendy Olsen,66,71357 Melanie Route Apt. 280,West Heather,Nevada,83945,-112.185006,85.745509
Steven Gallegos,23,45466 Whitaker Avenue,Hansonhaven,North Dakota,05914,50.751313,78.671802
Matthew Daniels,48,610 Eric Mission,New Megantown,Rhode Island,47048,-106.409761,-6.595226
Suzanne Jones,45,4889 Cassandra Brook,Markmouth,Ohio,99580,172.702947,4.199860
Anita Mendoza,54,340 Carrie Estates,Williamsmouth,Montana,22599,128.144649,32.4543825
Ellen Francis,65,0006 Cruz Spur Suite 644,Miguelhaven,Delaware,31482,-99.200718,-70.4659665
James Robinson,63,265 Elizabeth Isle Suite 429,Michaelbury,Ohio,28009,-163.557051,35.3511205
Gerald Wright,79,233 Richardson Inlet Apt. 560,Taylorfort,South Dakota,98515,-2.969482,51.4830385
Jared Mcdaniel,61,1145 Jacob Square,South Stephanieview,Connecticut,58496,120.923619,64.2857045
Elizabeth Aguilar,65,0676 Rachel Tunnel Apt. 354,West Johnhaven,Hawaii,96962,-30.020843,-2.929779
Thomas Carter,59,410 Juan Underpass,Port Bryanside,Missouri,00767,171.899756,-61.5991795
Jeremiah White,22,8624 Smith Loaf Suite 117,Port Paul,Indiana,44171,1.707620,84.0426355
Connor Lopez,36,435 Shepard Ports Apt. 987,Rodgershaven,Arkansas,32233,108.327673,-21.6184345
Andrew Compton,52,1474 Candace Mission Apt. 786,Lloydchester,Oregon,84907,31.196263,-45.130296
Devin Moore,50,31147 Katherine Tunnel Apt. 301,North Christopher,Maine,54974,-99.612602,49.7800725
Rhonda Johnson,45,524 Jared Roads Apt. 422,Meyerberg,Indiana,92751,3.281350,-45.655470
Anthony Campbell,63,56458 Caitlyn Knoll Suite 773,Owensport,North Carolina,84717,-51.810929,-9.0530065
James Long,43,91773 Emily Ferry Suite 668,Port Elizabethbury,Nevada,41069,-145.921585,-87.8586325
Julie Collins,73,6517 Hicks Ford,South Antonio,South Dakota,82622,-120.168843,89.3454905
Christopher Parker,69,505 Sarah Street,West Sabrina,Florida,06252,11.830002,11.7848105
Philip Rodriguez,42,6540 Cameron Summit,North Ashley,Oklahoma,47623,129.888468,81.886737
Christopher Martinez,50,4800 Lewis Drive Apt. 735,South Keithmouth,West Virginia,44059,-47.781522,-46.476976
Stacey Lowery,23,3062 Rodriguez Mills Apt. 909,Palmerburgh,Delaware,78338,-154.936174,22.9044365
Christina Hanna,44,5694 Monica Ferry Apt. 886,East Tonya,Arkansas,66140,-116.083372,-33.329622
Dillon Sullivan,49,92553 Frank Views,East Tim,Nevada,63650,-128.416151,-29.352591
Elizabeth Spencer,52,187 Delgado Crest Suite 279,Wandaview,Illinois,54098,20.351570,-77.8284115
Mr. Dean Lee,40,39657 Conrad Tunnel,New Sarah,Ohio,67752,-75.994628,-21.0962645
Paige Davis,77,022 Melissa Prairie Suite 829,Singhmouth,Hawaii,79566,173.626765,84.614622
Lawrence Floyd,37,1644 Laura Road,West Jeffreymouth,Montana,83514,106.150900,32.8903675
Cristian Lloyd,24,936 Stacy Court Apt. 857,Michaelton,North Carolina,51846,142.070073,-22.7398845
Phillip Fletcher,48,589 Stevenson Rue,North Shawn,Oregon,83443,-44.124058,69.835540
Kim Pace,67,069 Mario Pike Apt. 697,New Amy,Georgia,84577,-118.571529,-81.1576955
Tracy Scott,67,80127 Darius Rest,Port Mariahmouth,Illinois,59691,-12.628145,-46.615537
Susan Hanna,67,57779 Stacey Parkway Apt. 710,Jonathanport,New York,17435,116.586612,62.3578155
David Rios,61,65142 Cooper Locks Apt. 161,Port Christina,Tennessee,78937,154.359360,-38.6082975
Laura Jones,67,200 Jimenez Ramp,New Rebecca,Washington,99296,-111.236796,31.096356
John Crawford,38,7123 Clark Vista Suite 531,Lake Jonathan,Washington,45788,-102.921831,-5.537718
Mark Montgomery,75,44111 Elizabeth Forge,New Jeffrey,South Dakota,13891,-92.662673,22.809242
Victoria Moreno,57,94820 Timothy Flat,Trevorport,Oklahoma,93959,-51.404648,-36.5654285
Erin Smith,19,42975 Day Branch Suite 285,Boydbury,Nebraska,23953,51.724590,68.5260615
Erica Adams,71,7447 Monica Prairie,Paulton,New Jersey,55716,111.650953,2.733671
Jacob Stewart,32,8000 Michael Freeway Suite 326,Lake Ashleyview,Illinois,42582,-172.795108,15.7275235
Brian Sanchez,77,87948 Eric Center,West Hannah,Georgia,09201,17.399445,-2.8171335
Thomas Wang,73,230 Bennett Ford,Robinsonburgh,Oregon,43118,27.669575,-63.213831
Matthew Santana,43,76943 Belinda Union Suite 505,Melissaville,New Jersey,35923,-44.093445,-34.736013
Kevin Reyes,58,0904 Keith Wall Suite 921,Lake Ashley,Colorado,95822,-174.375143,-30.2236325
Joseph Griffin,26,4576 May Ville Apt. 571,South Danielberg,New York,35513,154.162142,-38.653315
Scott Smith,65,3942 White Way Suite 313,Laurenport,Tennessee,42560,-35.224369,-73.432940
Keith Miller,64,513 Taylor Bypass,Thomasville,Wyoming,90447,159.465295,-40.7133085
Michael Myers,19,05696 Sullivan Lock Apt. 261,North Valerieburgh,Massachusetts,14991,-109.294033,-31.024030
Elizabeth Collins,65,6757 Moore Mission Suite 111,South Nicolemouth,New Hampshire,39693,21.542820,-12.9416965
Kevin Cobb,72,36765 Skinner Courts,East Martha,Pennsylvania,70097,-167.889813,-46.803625
Randall Lewis,25,04363 Diaz Glens Suite 725,New Nicole,Virginia,74322,67.819553,37.4004875
Brandy Dean,70,471 Christina Corners,Tranbury,Wisconsin,80943,117.733924,-55.7915865
Julie Turner,18,5372 Andrew Square,Port Eileenbury,New Mexico,69035,15.813453,-12.2797135
Ryan Brock,80,802 Jason Mountain Apt. 858,South Madisonbury,New York,15386,18.712575,45.723499
William Stevens,51,219 Yang Burgs,Daniellemouth,Illinois,69209,152.587561,-23.976618
Andrew Moore,76,88261 Fox Manors Apt. 805,Stevenmouth,New Hampshire,72442,-163.717728,-38.408574
Patricia Rodriguez,32,7520 Baker Lock Apt. 684,North Christopher,Montana,73413,112.782146,-7.0701565
Jasmine Rodriguez,75,00192 Steven Court,Lake Joseph,Arizona,14890,155.579468,64.8527785
Melinda Berry,66,064 Trevor Greens Apt. 014,Melissamouth,West Virginia,47809,-74.098145,-76.5370265
Tony Rose,55,202 Katie Trafficway,South Anthonyshire,Tennessee,18284,73.108737,32.3008345
David Dougherty,31,391 Michael Heights Suite 187,New Paulton,Oklahoma,30290,123.468814,-16.2548665
Sandra Wood,18,8768 Jason Gateway Apt. 289,Nicholsonhaven,Hawaii,58228,102.291895,-41.8923175
Tyler Villanueva,51,68330 Jasmin Junction Apt. 222,Blevinsmouth,California,84040,126.517831,-79.5527625
Amy Jones,49,2624 Vicki Coves,Martintown,Montana,55132,-70.944010,-78.987594
Phillip Morrison,47,318 Arthur Highway,Port Jasonton,Kansas,75086,47.703257,73.0513475
Joseph Dawson,20,23348 Glenn Wells,Dianaburgh,Iowa,77019,-4.746393,44.2907405
Jennifer Schneider,32,5226 Rebecca Trace,Reynoldsmouth,Arkansas,54845,72.100245,-70.339640
Gene Elliott,63,2520 Anderson Mountain,North Norma,Iowa,76135,-157.779021,-54.3885395
David Diaz,69,041 Daniel Islands Apt. 533,Karenton,Vermont,47910,-114.877273,-16.367337
Kayla Burch,75,451 Wright Springs,Jasonbury,Arkansas,30757,-68.755770,-10.1972975
Cody Anderson,56,45464 Joshua Mills,Harrisstad,Georgia,11886,-153.041605,74.618656
Anthony Brown,39,5287 Brown Crescent Suite 327,Port Anthonyborough,Nebraska,10780,-62.516760,-36.9983435
Gary King,29,7407 Saunders Flats,North Sean,Arizona,89281,-64.867181,-22.200937
Barry Wong,46,67717 Tina Route,Bruceberg,Connecticut,92222,154.041944,-37.022402
Jeffrey Johnson,20,2291 Joshua Pine Apt. 976,West Rebeccastad,Mississippi,69656,24.674321,73.7939125
Steven Gonzalez,42,1371 Hall Ramp,Josephbury,South Dakota,82471,168.310722,-7.456732
Jennifer Cooper PhD,72,79306 Brown Terrace,Glenburgh,Louisiana,39835,134.444009,87.101087
Yolanda Rangel,62,842 Short Tunnel Suite 327,East Catherine,Florida,85716,-122.757107,-6.451742
Diane Thompson,61,9434 Wright Flats,East Tracey,Virginia,49347,169.153372,71.9739235
Melinda Boyd,45,5032 King Causeway,East Kennethchester,Hawaii,91841,-57.204241,53.1043425
Kathleen Walsh,25,03468 Michelle Trace Apt. 553,Nicholasfurt,Illinois,70588,26.806561,-72.403637
Crystal Smith,54,177 Margaret Canyon Suite 074,South Terry,Minnesota,17950,9.699938,-4.763245
Donna Rivera,64,35464 Tammy Plain,Arielside,Minnesota,38854,-165.741160,-11.9217315
James Howard,29,34417 Mills Terrace,Johnsonton,Georgia,67491,49.686334,74.235982
Alexander Dean,69,75139 Roberts Motorway Apt. 797,Fischerport,Arizona,48254,2.970564,-25.0088965
Brandon Green,69,600 Adkins Streets Suite 172,South Samuel,West Virginia,14743,108.192559,-7.602356
Connor Moreno,63,7360 Jennifer Track,Gatesfurt,Nevada,78355,-139.345516,32.9779195
Lisa Mitchell,52,2134 Cruz Skyway,East John,Alaska,76546,81.143575,-77.0556065
Timothy King,80,4750 Tyler Neck,West William,Alaska,07364,-94.522697,0.6363205
Gloria Oneal,32,9921 Mitchell Cliff,Lake Casey,Maryland,22090,-63.373770,-51.875480
Jenna Roach,71,6982 Barbara Park,Johnside,New Jersey,04355,54.926793,-29.9859285
Kenneth Huff,40,078 Christine Creek,South Jeffrey,New Jersey,38601,167.256770,-20.606447
Dawn Wu,29,1494 Torres Stravenue,Robersonhaven,New Mexico,11172,-163.085986,-55.418003
Daniel Miller III,64,435 Osborn Ports,South Shannon,South Carolina,91320,113.442454,74.939610
Jeffery Sanchez,77,9081 Barnett Parkways,Charlesside,New Hampshire,78237,-54.676303,-14.4720055
Brandy Smith,37,69799 Todd Trail,Lake Ernest,West Virginia,64043,-143.594883,-14.9725165
William Carpenter,22,291 Jackson Course,Martinfort,Washington,08669,64.654525,-50.239464
Travis Hughes,51,01691 Smith Burg,New Joel,New York,82310,172.282334,-65.281892
Vicki Mckee,49,661 Robinson Branch Apt. 272,East Christopherview,Oregon,57849,-37.123949,2.326722
Lisa Delgado,29,52759 Lisa Land Apt. 863,Douglaston,Illinois,83089,48.924259,3.9823445
Courtney Nguyen,58,5432 Dana Mission,Mcintoshmouth,Georgia,35091,17.607484,-81.234740
Kristin Mcclure,69,68631 Daniel Mount,South Juanland,Alaska,18426,8.490820,17.0114895
Rebecca Gonzalez,45,69073 Maria Plain,Hallfurt,New York,67684,-49.663815,-78.3400995
Kimberly Sims,61,36422 Jose Stream Apt. 530,West Kirkborough,Rhode Island,53736,-53.557598,86.1979075
Daniel Warren,32,3656 Brittany Rapid Suite 406,Lake Kevin,Wisconsin,79823,89.629300,10.889400
Lindsey Graham,49,49323 Barker Corners Apt. 101,Sharpborough,Oklahoma,27275,-53.643753,68.2972075
Marissa Smith,18,57824 Walker Skyway,New Veronicaborough,Minnesota,31627,80.861201,20.807633
Thomas Hernandez,37,8674 Townsend Motorway Apt. 585,Stoutside,Arkansas,99066,5.547797,70.176539
Vincent King,58,5222 Travis Fall Suite 902,Matthewberg,Hawaii,57844,88.619289,7.048647
David Moore,34,924 Tran Ramp Apt. 431,Jenniferstad,Wyoming,50231,96.117477,80.7755915
Dawn Perez,32,10199 Sierra Path Suite 978,Aprilfurt,Maine,73640,132.290076,6.9381305
Robert Weiss,39,642 Emily Ridges Apt. 709,Lake Dalton,Tennessee,83461,-48.154423,33.4610805
Allison Woodward,45,69344 Cunningham Street,New Jacob,Ohio,12744,-114.485287,-79.765776
Danielle Stanley,75,42672 Hill Extension Suite 898,Port Maria,Michigan,79216,-101.572415,-76.5740705
James Murray,57,339 Erica Islands Apt. 910,West Rhonda,Nevada,08459,-11.782817,-41.616194
Robert Zimmerman,31,178 Wood Lane,Kennedyfurt,Kansas,20420,-139.959967,-5.756123
Courtney Gregory,71,52073 Willie Hollow,East Stephen,Hawaii,89185,140.965988,-72.645604
Dr. David Ibarra,65,43003 Jesus Mountains Apt. 183,New Sheilafort,Utah,64711,21.113205,-46.8138555
James Moore,32,139 Amanda Plaza Suite 248,Cookmouth,Indiana,70819,162.194005,-43.7188255
Mr. Charles Hensley,40,9369 Carter Orchard Suite 822,Danielfurt,New Jersey,22999,66.517444,83.350912
Nathan Harris,66,2633 Barrett Parkways Apt. 923,Stevenfort,Washington,77712,-147.853894,18.9571345
Anthony Atkins,57,0678 Amanda Orchard Apt. 005,West Christine,Virginia,88939,-115.034846,-18.3564225
Elizabeth White,34,65478 Rubio Fords,Gallegosstad,Kansas,53763,22.326670,-43.4672635
Joshua Jones,37,705 Timothy Mews,Ninatown,Texas,87696,-154.314044,-24.656496
Ronnie Payne,44,95942 Candace Stream Suite 220,Lake Thomas,Michigan,58765,-135.546544,-56.8679195
Raymond Gates,69,3779 Erica Ridge Apt. 295,Ashleyview,Indiana,40039,49.166450,-53.216058
Jason Hurley,18,6799 Richardson Lodge Suite 315,Starkborough,Wyoming,03945,-140.817172,-22.662445
Lisa Strickland,25,58923 Price Harbor Apt. 856,Smithside,New Jersey,77093,-37.798205,-7.088720
Courtney Baker,44,245 Griffin Inlet,Oliviaborough,Massachusetts,69140,36.909208,-82.1125755
Nathan Washington,27,27301 Ashley Mountain,Savageburgh,Vermont,50701,149.441599,-80.8270215
Martin Haley,58,940 Julie Ford,North Matthewstad,Alabama,98721,8.761156,-31.195477
Cynthia Davis,55,135 Fernandez Trail,New Juanberg,New Mexico,71621,22.801648,-63.4702365
Erica Case,54,376 Steven Fort Apt. 713,South Matthew,Louisiana,08531,-153.965468,25.206033
Erica Le,56,33562 Hall Mountain,Port Franciscofurt,North Carolina,87142,-34.676549,-3.019499
Denise Noble,80,9832 Williams Parkway Suite 068,Adamsbury,Arizona,65846,-6.045081,-39.420972
Elizabeth Love,35,5171 Garza Greens,Harveyborough,Wisconsin,02735,134.498456,18.984108
Brandi Patton,47,5129 Montoya Cove Apt. 263,Marychester,New Mexico,43401,-164.375529,39.0881995
David White,53,7059 Lee Mountain Suite 090,Mcgeeview,New York,22530,-80.565901,-22.837819
Michael Turner,33,0216 Bernard Fork,Lake Kari,Maine,84111,40.021512,-80.564765
Renee Harris,50,336 Lisa Inlet Apt. 026,West Kristenfort,Ohio,83761,90.623313,-27.661221
Teresa Hall,48,522 Hunt Ferry,South Lisaburgh,Alabama,58120,43.445454,35.2365885
Melissa Huff,33,66960 Stacey Turnpike,Aliciaberg,North Carolina,13600,-115.891483,24.1851255
John Alexander,79,82004 Guerrero Lane,East Cesar,Connecticut,10466,17.651564,63.436403
John Jackson,46,6256 Blair Pass,Lake Brandonland,Louisiana,58515,50.051320,80.659178
Sarah Smith,37,512 Douglas Radial,North Joseph,Arizona,64348,-119.975966,-84.486499
Noah Smith,36,666 Harris Squares Suite 169,South Bryan,Nebraska,04108,124.189762,55.069217
Michael Gay,18,929 Wallace Cape,Port Edward,Maryland,07778,128.559879,-32.567381
Timothy Johnson,30,8854 Hunt Prairie,Lake Trevormouth,North Dakota,73165,-8.466116,10.780239
Lisa Callahan,48,6843 Calhoun Crossroad Suite 132,Paulahaven,North Dakota,11644,108.648492,-7.5128845
Rita Lopez,38,75936 Reyes Street Apt. 575,Grantmouth,California,24269,-87.763978,-51.086168
Briana Hall,49,7808 Jimenez Ville Suite 498,Aaronhaven,Delaware,15452,-140.620367,29.843627
Amy Graves,25,220 Philip Mill Suite 219,New Emily,Oklahoma,37879,43.726149,70.0269205
Laurie West,25,933 Frye Bridge Suite 894,Perezville,Rhode Island,69702,-51.042675,-26.7997885
Lauren Farrell,45,803 Oliver Locks,East Amberberg,Georgia,75780,0.469423,30.264718
Craig Velasquez,75,260 Green Mews Apt. 492,Lake Kevinville,Maryland,49698,-92.824705,74.9989425
Jesus Bowman,57,282 Sarah Ramp,Alexisport,Virginia,20915,89.595055,2.378070
Jesus Murray,27,72794 Kevin Spurs Suite 931,Williamport,Utah,01839,23.558921,19.268036
Hannah Fox,56,73611 Mcknight Plains Suite 234,South Danielchester,Florida,71529,15.642484,-27.123887
Audrey Clayton,20,55554 Ryan Burg Suite 433,New Elizabeth,North Carolina,51422,81.024260,25.1528005
Stephen Mcdowell,65,47828 Deborah Trafficway Suite 002,East Brett,Illinois,77608,-176.341135,80.000327
Cassidy Murray,21,77172 Wood Ports Suite 335,East Stacy,Indiana,20993,-132.794386,23.438709
Laura Young,47,972 Andrea Village Apt. 759,Michaelville,Texas,80346,-129.989095,26.6300075
Jesse Maynard,76,6102 Evelyn Ports Apt. 733,North Brookeshire,Tennessee,47949,168.563373,75.5872485
Tammy Cooper,40,21259 Decker Fort Suite 750,North Michael,Alaska,52069,-130.699809,85.5727665
Colleen Murray,38,197 Whitney Overpass,Floresland,Nevada,97689,-28.852127,-15.528508
Lee Anderson,78,756 Hill Causeway Apt. 377,East Julie,California,92922,108.923598,-70.8278635
Angel Porter,19,8089 Timothy Radial,Fosterton,North Carolina,75435,101.094392,-41.100791
Anthony Reed,67,36214 James Park Apt. 495,Lake Kimberlyburgh,Wyoming,14142,104.301660,80.368353
Dwayne Schmidt,67,546 Breanna Club Suite 049,Alexanderstad,Maryland,30167,-179.778234,73.8579145
Brian Mcgee,61,555 Dunn Stravenue,Lake Victoria,South Dakota,96050,-1.819817,43.2191855
Vincent Miller,34,87250 Dana Parkway,East Kaitlynfort,Wyoming,09665,129.029500,85.3962545
Richard Odonnell,58,17106 Charles Village,New Emily,Kentucky,95173,-88.986313,-50.138971
Megan Kim,45,77646 Amy Islands Apt. 678,North Erica,Virginia,81972,6.437782,-25.888818
Dennis Figueroa,41,073 Hill Junction,Lynnport,North Carolina,57773,-55.527578,-57.989957
Victoria Baxter,70,27385 Heather View,Lindseyshire,Washington,51570,29.479393,-72.481979
Mark Mckinney,34,097 Michael Bridge,North Johnville,New Jersey,45910,109.480289,-3.6667005
Angela Randall,40,01378 Duncan Flats Suite 067,South Andrew,Massachusetts,15450,-145.743013,-67.918190
Robin Gardner,74,4523 Ponce Land Suite 815,Port Matthew,Georgia,96658,175.883972,14.196794
Tamara Bean,40,8913 Carol Drive Suite 385,Mcphersonton,Wyoming,96728,-140.864069,75.5395405
Jessica Hobbs MD,64,3644 Bauer Extension Apt. 780,Lake Andrew,New Mexico,84152,-139.793441,38.3770345
Rodney Roberts,19,068 Fernandez Glens,West Edgar,Hawaii,33071,-65.738167,-58.807722
Derrick Hamilton,38,814 Emily Summit Apt. 807,Annbury,Florida,83984,-90.224601,-24.3706895
Jessica Johnson,68,39509 Maldonado Drives Apt. 678,Bauerville,Texas,58121,1.801601,-7.948094
Holly Jones,20,0346 Emily Row,Jenniferhaven,Connecticut,72950,8.440580,71.334778
Samuel Lee,51,8308 Nancy Loaf,Smithton,Tennessee,04959,-123.184816,-57.904073
Sharon Warren,38,16953 King Forks,New Davidberg,Vermont,07501,10.376959,-19.7675625
Howard Neal,43,869 Bell River Apt. 755,Garrettchester,Colorado,92921,-135.317824,43.0915535
Tanner Fritz,56,69655 Torres Plain Suite 510,Julieville,Texas,41344,35.279903,-58.518715
Dr. Cynthia Lucas,31,11980 Anthony Valley Apt. 591,Murphystad,Virginia,53804,104.729455,-18.4631505
Bradley Mccarty,64,7958 Philip Tunnel,Lake Robinhaven,North Dakota,89697,-11.087751,-29.553369
Michael Snyder,22,9897 Williams Orchard Suite 256,Mendeztown,Vermont,32422,92.617889,-79.6759165
Brenda Campbell,20,4822 David Hills Apt. 261,West Danielville,Kansas,44065,2.833013,76.8910085
Christopher Johnson,51,434 Olivia Port Suite 431,South Melanieton,Indiana,22784,91.066048,34.7814285
Anthony Ward,64,66160 Mendoza Causeway Apt. 728,Seantown,Connecticut,15220,67.331071,79.6009885
Tina Hopkins,21,46526 Kristin Trafficway Suite 715,New Zoe,Georgia,26573,123.721216,-64.332012
Brian Weiss,36,3275 Fox Ports Suite 332,Lake Jasonside,Nebraska,54541,30.618538,45.545628
Danielle Price,57,669 Gerald Point Suite 380,Robinsonshire,Colorado,39840,15.947817,87.1972415
William Estrada,64,47869 Gary Ford Apt. 369,Lake Rebeccamouth,Wisconsin,25506,-152.068091,18.360963
Sarah Wolfe,60,2717 Ashley Trace,North Johnside,Colorado,04779,-57.983609,3.716165
Eric Lamb,75,026 Bobby Locks,Jacquelineshire,Alabama,33300,91.140362,-42.710756
Jordan Archer,57,41852 Benjamin Vista Apt. 990,Lake Thomas,Alaska,35713,20.594126,-22.820764
Daniel Stephens,68,325 Park Shores,Paigefurt,New York,74663,37.689150,34.373903
Bobby Hudson,64,12320 Natalie Inlet Apt. 532,North Amy,Mississippi,06748,159.100380,-4.2552875
Theresa Davis,46,2889 Moody Ramp,Wadeville,Oklahoma,41528,24.188665,88.9446415
Stephen Hall,20,5184 Golden Run,Grayberg,Florida,16857,-85.523649,45.6602335
Terry Robertson,49,156 Matthew Parkway,South Nicole,Arkansas,93166,130.913694,-24.2887685
Thomas Barber,54,593 Terry Mission Suite 032,Beverlyshire,New Jersey,57313,-148.857298,-71.9635125
Tammy Sutton,24,781 Amanda Crossroad Apt. 427,East Laurenchester,Florida,76732,-86.497061,86.2864665
Patricia Floyd,33,5239 Andrew Grove Apt. 362,Moorebury,Massachusetts,91923,-131.235870,-80.7864475
Amanda Fisher,43,025 Craig Gateway Suite 309,West Russell,New Jersey,63023,-152.229072,37.332435
Victoria Estrada,58,117 Underwood Wall,Jessicabury,Michigan,44266,-104.720975,-34.5720145
Maxwell Todd,58,284 Lee Corner,Loritown,West Virginia,48932,145.129458,74.018314
Mr. Shawn Brown,80,392 Charlene Port Suite 647,Andrewsbury,Vermont,55989,158.339334,63.197796
Kelly Williams,33,970 Shepherd Flat,East Daniel,Kansas,32110,-18.153233,53.0932095
Paul Brown,67,0694 Adam Island,West Nicolestad,Missouri,67302,58.232390,10.291337
Rebecca Gibbs,45,7791 Beth Locks Apt. 975,Roychester,Ohio,92124,156.980099,45.3086755
Mr. Jonathan Glover,26,663 Brooke Fork,Lake Johnmouth,Tennessee,90776,19.653072,-73.525312
Debra Leon,27,18088 Joe Bypass,Lisaview,Missouri,01722,124.809509,74.657075
Bethany Perry,50,8242 Bowen Wall,North Amy,Connecticut,22231,-6.315988,85.7747315
Dr. Steven Hester,20,3481 Ashley Harbors,Lake Michaelhaven,Iowa,42331,-9.302158,25.450333
Mary Davis,28,2884 Hudson Manor Suite 604,Scotthaven,Arizona,45179,2.459569,-43.5246255
Monica Hall,39,44838 Jacqueline Landing,North Michaelshire,Oregon,36429,55.164418,-9.879320
Suzanne Bird DVM,21,34114 Travis Burg,Reidchester,Kansas,20074,174.416062,9.544530
Jessica Howard,74,861 Gordon Dale Apt. 652,Schultzberg,Alaska,46949,-24.521396,46.7906265
Joseph Lutz,19,935 Hunt Lock Apt. 183,East Melissa,Missouri,54489,-159.108005,51.289930
Laura Schroeder,66,67700 James Ville Suite 766,Jacobberg,Utah,46236,-43.923311,-86.2361185
Cindy Fletcher,79,554 Moody Lock Suite 496,Joeborough,Massachusetts,86448,-97.332802,76.199695
Sarah Jones PhD,47,074 White Oval,Orrstad,Massachusetts,16232,82.127402,35.4748395
Kelly Carter,26,87078 Kendra Throughway,Robertschester,Georgia,19592,58.060371,-67.7882295
Maria Spears,49,189 Evans Road,Howardshire,South Carolina,73974,66.560785,76.3683905
Amanda Hodge,28,4588 Timothy Trafficway Apt. 099,South Raymondport,Arkansas,97724,-95.505888,-41.4541665
Debbie White,71,497 Jacob Plaza Apt. 279,Humphreyburgh,South Carolina,09761,5.041989,76.847673
Brent Edwards,76,0710 Phillips Ville,New Marissa,North Dakota,43684,52.161371,48.1760615
Patrick Powers,47,4394 Baldwin Pike Suite 509,Lake Annshire,Maine,23142,157.479846,10.949801
Robert Brown,30,45760 Alexis Points,Lewisville,New Hampshire,14751,67.501956,11.6940155
Sheri Gray,20,775 Nielsen Ports Suite 703,New Jamesside,California,97966,-24.472969,53.056000
Yolanda Nguyen,45,56546 Larsen Summit Suite 746,West Sara,Florida,23540,138.432662,84.130896
Scott Miller,80,8371 Moore Parkway,Rhondamouth,Louisiana,96253,-16.128662,75.8354005
Steve Boyd,19,61251 Alexandria Brook,New Brenda,Missouri,30044,19.987664,-83.587582
Stephanie Walker,60,04548 Glenn Junction,East Kevin,Colorado,80042,99.962814,-25.748577
Cynthia Walker,40,5356 Gordon Place Suite 840,North Matthewbury,Maine,13328,18.917633,84.1252995
Victor Miller,76,329 Schaefer Viaduct Apt. 616,Michaelstad,North Dakota,70484,-93.452927,-28.424160
Eric Meadows,69,3683 Charles Circles Suite 790,Caseport,Colorado,06620,-141.305473,-30.500417
Mrs. Kathleen Ruiz,79,8187 Elliott Wells,North Nicholas,Florida,29607,156.669414,-11.154968
Jason Rice,48,94252 Lane Mills Apt. 056,Reyesbury,New Mexico,12013,-77.430690,-11.4692095
Krista Huber,42,708 Morris Union,Rodriguezhaven,Pennsylvania,12724,81.874214,56.420944
Brittany Carey,58,481 Hill Forks,Lake Colleenshire,California,09263,-162.288765,-39.3841575
Austin Rice,21,442 Clark Stream Apt. 843,Christinefurt,Montana,06098,70.602889,-36.3358395
Joseph James,51,6017 Wilson Streets,South Vincentland,Florida,40774,-176.623371,-21.9020335
Christine Bailey,26,59968 Jennifer Green Apt. 005,West Josephbury,Hawaii,80465,-120.127877,40.371980
Christian Lozano,72,6141 Hill Overpass Suite 680,Bestbury,North Dakota,98362,-20.556980,38.4705655
Jacob Wells,75,701 Nelson Roads,Lake Edward,Arkansas,77491,69.540612,-77.734593
Denise Castillo,60,0423 Phillips Centers Apt. 233,Gallowayberg,Nevada,26155,-122.343025,76.887285
Danielle Kline,47,541 Boyd Plains,South Jonathan,Florida,40189,136.799402,41.8481065
Scott Glenn,32,67940 Tamara Rest Apt. 788,Dianafort,Alabama,10977,56.493772,-74.047884
Chelsea Pierce,74,97347 Reed Junctions,Toddshire,Oregon,26603,-116.207069,64.575603
Janet Myers,55,75021 Cynthia Fall Suite 294,Johnsonfurt,Kentucky,12809,141.474319,74.309273
James James DVM,22,826 Palmer Ranch Suite 309,Adamport,Minnesota,89680,16.574215,-78.7588695
Nicole Forbes,21,22834 Jennifer Plain,Jacquelineland,South Carolina,15693,-177.906679,54.881240
Ashley Martinez,28,896 Bell Parkways,New Maryburgh,Massachusetts,15168,-174.854836,-26.6450395
Jessica Brown,63,04610 Trevino Corner,Butlerbury,Rhode Island,21338,179.645218,-22.7637915
John Price,71,9031 Jacobs Square,Lake Cassidy,Tennessee,13950,-9.122691,73.288119
Rebecca Bell,48,93985 Price Fork,Lake Nichole,North Carolina,78089,24.717771,-86.028949
Paul Cunningham,61,9471 Murray Forge Apt. 039,Hawkinsmouth,Utah,59913,-22.283472,88.557123
Chelsea Anderson,50,4565 Jeremy Lodge,Abigailside,Mississippi,73537,-75.058148,86.336320
Krista Parker,75,7281 Harrell Estate Suite 866,Lake Richardborough,Michigan,99881,48.166630,-25.3614995
Courtney Foley,31,022 Michael Tunnel,Maymouth,Kansas,25101,-66.186966,10.8770795
Dustin Lewis,56,89049 Adam Coves,Youngport,Wisconsin,55502,139.276539,20.312623
Patricia Brewer DDS,73,4646 Christopher Motorway,New Billy,Alaska,20402,157.536441,59.4905455
Gavin Gillespie,54,4376 Jacqueline Wall,Port Timothyfort,Florida,09381,158.451869,-4.2704955
Andrea Norris,23,374 Bowman Divide Apt. 788,South Jodimouth,Hawaii,23948,114.603566,71.810318
Jeffrey Brown,23,96172 Wallace Shoals Suite 371,Christinaton,Vermont,61217,71.989804,-11.244368
Michelle Holder,76,153 Simmons Greens Suite 028,Port Meghan,Wyoming,59954,166.876530,84.9296295
Carl Lamb,62,742 Sherman Spring Suite 116,North Gerald,South Dakota,64928,-121.162878,84.3019435
Jeffrey Martin,63,5951 Lee Rue Apt. 757,Medinaburgh,Virginia,22789,-78.838617,20.555410
Jeffrey Hutchinson,57,6162 William Garden,East Micheleside,New Jersey,10899,147.859457,3.3589645
Anna Mosley,45,77117 Grant Mount,Port Jeffrey,Maine,89546,163.373356,-7.0573905
John Gonzales DVM,69,97002 Paul Freeway,Williamsberg,New York,52596,102.105072,-11.864796
Ariel Mcdonald,22,48312 Diana Rapids,Port Nicholasburgh,Kentucky,76044,16.576597,-21.0360065
Mark Harrison,23,7972 Bradford Course,Port Emilyshire,Oregon,74182,-4.028026,55.853975
Thomas Berry,46,708 Keller Forges,Port Thomas,Florida,03001,-73.579474,-42.458900
Megan Estrada,59,97969 Smith Glens,East Thomasfort,Connecticut,50727,-84.825512,77.641642
Natalie Smith,57,38535 Brady Parkway Apt. 386,Port Annette,Idaho,02277,-99.502934,50.744479
Kathryn Hayes,49,93812 Shawn Parks,West Angelicastad,Tennessee,38537,-90.479069,5.4566265
Alexander Garcia,19,70077 Jessica Plains,West Ryanstad,Wisconsin,54395,85.823081,81.940197
Ryan White,19,6235 Meadows Estates Suite 547,Carolynfort,Texas,56176,0.331697,76.0859395
Alexander Robles,76,2195 Scott Vista,West Kellyton,New Jersey,54523,-75.034056,50.7020325
Kevin Mosley,55,0004 Kelly Island,Johnsonfort,Oklahoma,19060,-105.717935,-6.4873625
Shane Torres,32,9326 Allison Trail Apt. 895,East Adam,New Mexico,30004,-36.526758,32.815146
Rhonda Hall,34,6983 Rhodes Center Apt. 982,East Renee,New York,37719,-118.511332,27.369271
Brittney Murray,27,870 Allen Highway Suite 799,Matthewton,New Jersey,11804,-142.377475,-80.6989105
Latoya Atkins,49,41513 Jones Pines Apt. 542,East Derrick,Arizona,78397,-117.789070,36.731442
Dennis Torres,35,13124 Ross Stream,New Charlesberg,Massachusetts,96136,-118.945084,-15.134731
George Collins,60,51072 Steven River,North Markport,Pennsylvania,78053,-29.898048,-29.897998
Leah Lewis,73,334 Evans Lane Suite 997,North Billytown,Idaho,67748,86.962410,78.8667885
Andrea Boyd,23,56074 Donald Coves Suite 836,Bergmouth,Mississippi,73698,127.015087,81.4126975
Miss Sarah Boyer,69,737 Holmes Plains,Isaacshire,North Carolina,20743,-129.629358,70.935120
Thomas Villa,32,996 Adrienne Extension,Port Bethshire,Maine,91859,-35.808294,-16.881046
Pamela Freeman,33,4609 Martin Extensions,Riddlebury,Rhode Island,67497,127.832066,44.0024595
Michael Gonzalez,67,415 Castro Gateway,Tammieville,Pennsylvania,98785,41.045810,25.230036
Melissa Vaughn,56,12348 Lee Roads,West Lisaside,New York,23579,-157.694673,80.792312
Sara Donovan,49,55183 Denise Way Suite 719,North Lynn,Missouri,98929,32.840947,72.7338155
Cory Smith,50,1147 Rachel Avenue,Markborough,Minnesota,46279,52.278441,72.646305
Alexandra Rogers,71,253 Sharon Garden Suite 049,East Sandra,Montana,85596,-33.273811,38.675013
Kenneth Wright,68,9852 Lynn Crescent Apt. 618,Shannonchester,Vermont,00980,-29.482007,-74.6120325
Joseph Barajas,77,20242 Martha Fords,Suttonfurt,Connecticut,16530,-110.932622,63.488721
Tricia Jones,44,4144 Michael Trail,Lake Bryan,Oklahoma,47385,147.439655,-85.650769
Kenneth Nguyen,31,730 Alison Land,Jakefurt,Michigan,50984,-0.609758,-50.8606265
John Garza,44,130 Bryan Ports Suite 510,Port Stacey,Nevada,14334,-46.545256,-23.385966
Joshua Perez,66,67895 Tiffany Ford Apt. 795,South Denise,Illinois,80635,174.152995,80.7528355
Brandon Martin,48,66798 Brown Harbors Apt. 725,Coxfurt,South Dakota,64254,157.743877,-82.4771625
Tyler Marquez,55,5559 Wang Highway Apt. 455,Wolfeview,Washington,40248,77.737793,-87.0682395
Nicole Smith,69,82562 James Way,Davidborough,Nevada,12374,-135.590694,52.252249
Paula Davis,64,14234 Jacob Course,New Joshua,New Jersey,02023,76.022101,-42.2893875
Christopher Watkins,20,98467 Flores Light,South Christinehaven,Wisconsin,45845,136.723433,41.7268435
Samuel Harper,25,01596 Micheal Inlet Apt. 680,South Robert,North Carolina,66829,-37.116300,-34.5346415
Erik Zimmerman,39,97865 Dunlap Green Suite 583,South Jacobstad,New Jersey,92861,-37.782531,60.445494
Katherine Anderson MD,35,596 Contreras Shoal,New Lawrence,Alabama,93535,-115.645194,81.9445625
Brandi Holmes,34,05053 Timothy Brooks Apt. 471,Port Stephenhaven,Oklahoma,05746,-145.407367,-10.791728
Robert Espinoza,40,249 Monica Heights,East David,Iowa,25137,172.418196,64.576682
Edward Miranda,69,570 Brandon Via Apt. 754,Port Tanyatown,Arizona,43474,165.153191,-68.507571
Sean Griffin,36,60763 Jessica Island Apt. 906,Lake Kelly,New Hampshire,32834,113.883095,6.884893
Edward Phillips,36,0798 Rodriguez Stream,North Antonioton,New Jersey,08088,23.525985,-62.207885
Dustin Hutchinson,62,199 Amanda Plaza,New David,California,34390,-85.020570,10.156941
Michele Rogers,76,2881 Kristen Valleys Apt. 033,Port Kenneth,Nevada,75485,177.617820,-46.4852165
Victoria Miranda,22,39740 Daniel Corner,Robinburgh,Texas,04665,-89.940424,-60.9952875
Andrea Franklin,58,24690 Bethany Brook Suite 863,New Paulside,Georgia,14031,-102.817056,-30.727248
Carolyn Kennedy,50,529 Michael Way Apt. 405,Steinburgh,Connecticut,22376,4.743962,-65.2689745
Johnny Rowland,58,6459 Tony Islands Suite 643,Sherryburgh,Nevada,61503,-125.838498,-43.8790675
Shawn Hopkins,63,402 David Island,North Rachael,Indiana,78125,110.511042,-42.6101325
Tyler Lawrence,35,328 Michael Cove,Kimberlymouth,Wyoming,46963,-175.342639,67.2462275
Elizabeth Huang,47,37395 Campos Junction Suite 545,West Josephburgh,South Carolina,69733,-167.373389,-74.256652
Ashley Reese,57,70760 Molly Ports,Cynthiaberg,New Hampshire,31544,-112.793339,42.517874
Jacqueline Kidd,22,62246 Odonnell Ridge Suite 079,New Debrahaven,Iowa,63458,31.464970,-67.8784025
Jessica Diaz,62,8870 Martin Course Suite 628,East Royport,Utah,94093,-166.964756,82.129487
Mr. James Lewis,31,22054 Shepherd Forks Apt. 863,Hicksside,Iowa,32703,173.176442,-33.5841105
Patricia Robinson,40,668 Shannon Motorway Suite 222,Kathleenshire,Vermont,31154,-73.625061,43.0338335
Lisa Miller,50,175 Tate Glens Suite 239,Johnsonview,Kansas,81061,117.373763,-10.357770
Meagan Alvarez MD,30,261 Griffin Inlet Apt. 614,Kingborough,Kansas,35260,155.155226,9.714360
Kelsey Rowe,31,790 Cody Stravenue Suite 970,South Sharon,Maine,51409,109.521438,23.0291185
Alexis Burgess,33,6367 Lisa Forks,Brucechester,Alaska,52331,-155.403206,31.390210
Brian Crosby,32,07554 Baldwin Stravenue,Munozton,Illinois,70948,-138.070526,-33.2387515
John Conner,69,204 Rowe Underpass,Staceymouth,Virginia,51177,77.695550,-57.7487035
Tamara Rodriguez,80,99602 Flores Glen,West Waynefort,Oklahoma,71161,170.392197,-24.9470085
David Lewis,36,194 Elizabeth Throughway Apt. 245,Adrianahaven,Alaska,21883,143.202741,36.063692
James Hicks,30,7408 Diana Road,Perryhaven,Virginia,56668,-31.911719,-5.703462
Brittany Johnson,20,11450 David Pike,Doughertyside,Tennessee,53351,93.991827,-48.932682
Cory Chapman,43,7079 Peterson Street,Lake Brandyburgh,North Carolina,05940,30.880879,3.5809375
Robin Cole,36,110 Michael Glens,North Jeremy,Kentucky,48684,-93.623351,83.7054915
Benjamin Hubbard,68,894 Vega Forks Apt. 480,Kimberlyport,Maine,41888,-73.149467,51.306069
Thomas Hall,53,3572 Steven Street Apt. 760,South Tracey,New Hampshire,32186,46.779309,30.3510745
Adam Hamilton,30,323 Elizabeth Keys,Simpsonmouth,Wyoming,30430,62.975262,25.4338735
Destiny Brown,58,65745 Taylor Pine,Patricktown,Kentucky,30425,8.866944,76.395819
Joshua Hill,61,973 Emily Course Suite 836,Tammyhaven,Arkansas,58310,65.173560,41.524967
Jason Bauer,62,7477 Miller Coves,East Steven,Arkansas,43069,56.158567,-45.419650
Diane Hoffman,24,836 Burgess Gateway,North Jay,Utah,47354,57.811677,-73.475461
Carolyn Jackson,23,303 Andrea Prairie Suite 790,Lake Aaronhaven,Oklahoma,49160,15.780357,13.993581
Mitchell Evans,50,048 Regina Radial,Michaelview,Ohio,18476,-114.778128,-61.3284345
Mario Freeman,31,144 Alejandro Shores,Lake Carmenfort,New Mexico,12490,-179.485043,-42.508341
Nicole Carroll,19,84469 William Ranch Suite 835,Amystad,Connecticut,37233,123.016434,-73.1125145
Darren Mills,80,3026 Sparks Land,East Heather,Vermont,53789,6.688111,39.2501825
Gwendolyn Bowen,22,79854 Avila Freeway,Watsonmouth,Virginia,19196,-68.015441,-34.688566
Lisa Avila,72,604 James Center,Greenland,New Hampshire,99440,-62.291305,-29.839550
Lindsey Graham,50,456 House Camp Suite 457,Port Kevin,Michigan,51546,-53.430421,-2.7321475
John Mack,34,977 Miller Turnpike Apt. 379,East Jennatown,Washington,95318,167.509423,52.7380785
Daniel Perkins,36,2061 Jonathan Brooks,West Shannon,Ohio,72472,-51.429043,-31.4676335
Jeremy Castro,28,83855 Krista Motorway Apt. 338,Tonybury,Iowa,50090,-1.246093,57.1423185
Vanessa Young,32,8537 Todd Spurs,Ibarratown,Idaho,87383,99.628409,24.1517705
Danny Jordan,53,17176 Chelsea Courts Suite 279,East Helentown,Rhode Island,31495,-6.986984,66.829252
Miranda Stout,47,180 Curtis Ports Apt. 976,Elizabethshire,Louisiana,29231,-113.751964,34.5756365
Crystal Hutchinson,66,2662 Norris Village,Lorettaville,Mississippi,31700,23.322064,15.330452
Patricia Young,40,9369 Taylor Courts,South David,Oregon,09076,11.300711,-76.0731995
Julia Holt,53,21067 Little Grove Apt. 582,West Jose,Oregon,83512,-114.959995,88.436992
Tami Davis,41,09582 Martinez Turnpike Apt. 339,New Monique,Utah,86028,-42.926695,-57.324760
Jesse Hubbard,37,536 Stephen Manor,Jonesville,Minnesota,57515,-167.894013,13.2234795
Tonya Garcia,59,1051 Kelly Grove Suite 871,Theresabury,Pennsylvania,93308,132.382443,-23.2692665
Misty Bell DVM,18,71204 Davis Island Apt. 510,South Michaela,Tennessee,50931,-54.025103,51.6297045
Amber Burns,46,94809 Davis Place,Wilsonshire,Florida,81594,-81.631356,81.0544495
Stephanie Lewis,34,8174 Robinson Brooks,East Kaitlynside,Rhode Island,01354,-94.810693,-11.9817965
Andre Williams,73,98713 Strong Station Suite 482,East David,Vermont,19795,36.836589,10.5813495
Brenda Jacobs,27,8505 Decker Causeway Apt. 277,North Chad,Michigan,81830,105.616581,-44.9962205
Tammy Alvarez,23,51906 Collins Brooks Apt. 691,East Johnhaven,Louisiana,29742,-79.693964,75.575901
Melissa Dixon,31,5615 Smith Fords Suite 912,Lake Kathleen,Pennsylvania,56822,143.192655,32.160552
Kristin Mcclain,44,387 Simmons Rapid Suite 931,Longfurt,Minnesota,06870,-70.091907,2.432386
Taylor Smith,69,9993 Figueroa Lights,New Timothy,Oklahoma,29948,-82.353282,69.2992655
Steven Hale,54,214 Steven Isle,East Thomas,California,01646,3.759241,81.471947
April Johnson,61,0488 Brian Shoals Suite 939,North Eric,Arizona,97825,29.177062,-68.455841
Kathy Brooks,71,8406 Brent Grove Suite 403,Port Kelly,Rhode Island,49273,127.652423,0.581987
Michael Taylor,36,260 Parsons Bridge Suite 500,New Randallbury,Idaho,80189,-91.858362,-64.479955
Charles Allen,66,4324 Angelica Lake,Lake Laurashire,Idaho,04053,95.415179,80.2175775
Alice Salinas,23,888 Dunn Cape,East Albert,Oregon,99207,104.371812,53.192853
Brian Dean,59,0651 Carla Crossroad Apt. 055,West Stephen,Nebraska,19721,-57.771507,43.3707825
Mrs. Debbie Jones DDS,79,191 Russell Club,Harrisonberg,Maine,14758,175.923918,-50.487642
Chris Dougherty,22,120 Adams Highway Suite 533,New Cherylberg,Vermont,43862,-157.855172,89.6829645
Anita Knight,56,7570 Weber Hill Suite 919,East Katie,Ohio,43040,70.168106,59.2876745
Mr. Ryan Welch,45,123 Paul Viaduct Apt. 328,Dominicshire,Nevada,61422,-165.536864,74.5137705
Bradley Mitchell,63,6068 Quinn Turnpike Suite 886,Christinafort,Illinois,69049,173.160916,30.550864
Jessica Sutton,19,964 Jacob Viaduct Apt. 268,Johnmouth,Arkansas,57406,-157.695324,59.671406
Brian Walker,62,289 Julie Inlet,Laurafurt,Illinois,27319,103.812541,52.689057
Adam Rosales,25,8456 Richard Streets Apt. 218,Carrilloberg,Kentucky,18922,-93.920203,56.9068495
Tina Johnson,43,661 Jonathan Flat,Lake Sheryl,New Mexico,73089,46.037165,13.7937795
Vanessa Montoya,75,743 Brian Glens,Colonhaven,Maryland,28976,69.024096,-61.094967
Gabrielle Hall,41,07706 Cooper Plains Suite 549,Butlerport,Pennsylvania,18851,-63.486349,23.2712675
Ralph Garcia,45,4391 Singleton Ridge Suite 797,South Lisa,New York,89584,47.293135,-72.097088
Mary Howard,37,249 Allen Union,Bowmanland,South Carolina,99110,145.753788,62.686892
Timothy Lee,34,6238 Jessica Drive,New Susanview,New Hampshire,77921,49.236946,-59.299500
Dr. John Evans Jr.,41,4312 Fletcher Road,Port Karinaton,California,84919,-37.504428,-64.869500
Joshua Davis,57,013 Kennedy Prairie,Morrisview,Utah,50421,2.830337,-57.895847
Anna Jackson,78,92818 Williams Green Apt. 069,New Jeffery,North Dakota,92020,156.367448,-85.564507
James Huang,75,57730 Mike Freeway Suite 631,Lisahaven,Alaska,71830,-166.190801,64.6394295
Tiffany Pennington,26,60327 Jordan Crossroad,New Gary,Massachusetts,56557,-34.196958,-71.311343
Katelyn Conway,41,180 Murphy Pass,Lake Jacobside,Massachusetts,01792,-13.133599,-73.400673
Jacqueline Torres,52,459 Raymond Spurs,Brentfurt,Connecticut,35475,129.762078,49.1454685
Ashley Lopez,23,806 Chapman Plaza,Melissastad,Mississippi,75812,63.651313,-67.588343
Matthew Tran,27,379 Fuller Way Suite 731,North Julieside,West Virginia,94174,35.228123,25.975888
Timothy Carter,48,68983 Catherine Brooks,New Rebecca,Rhode Island,35437,22.456358,57.2087635
Debbie Weaver,37,375 Russell Forges Apt. 028,New Emilyhaven,New Hampshire,12744,12.900324,-25.781624
Robert Matthews,43,81353 Grant Walk Apt. 630,Jenningsberg,Maryland,45812,-64.241039,37.7759535
Marvin Jackson,32,62677 Bryant Mills Suite 442,Robertsmouth,Rhode Island,08187,176.185344,14.0362355
Julie Delgado,23,4899 Gould Ranch,Montgomeryfort,Georgia,82121,129.692836,84.715640
Julie Gentry,39,196 Megan Village Apt. 904,Mistyside,Arkansas,16013,-33.267987,81.2340085
Lauren Harmon,48,792 Gibson Manor Apt. 062,Lake Matthewfurt,Alaska,34766,163.942690,57.541122
Robert Hoffman DVM,64,014 Davis Fort,North Michellemouth,New Mexico,20251,-13.329042,29.8776255
Judy Moran,57,60781 Hansen Estates,Jeremymouth,Arkansas,73778,133.342209,-86.2012195
Mary Leon,19,959 Sharp Bypass Apt. 975,Bellside,North Carolina,74113,-96.855842,-50.7779795
Aaron Freeman,73,25583 Curtis Locks Apt. 398,Diazshire,Ohio,97994,1.076667,44.7062025
Lorraine Bishop,27,36189 Bradley Lane,East Darren,Kansas,59525,76.106009,-75.448105
Rebecca Farmer,34,598 Larry Cliffs Apt. 725,Port Meganhaven,Minnesota,23809,50.475638,45.3448185
Laura Clarke,30,1249 Montoya View Suite 082,Robertsonchester,New Jersey,93778,63.426132,42.114147
Catherine Smith,38,539 Alejandro Plain,Lake Toni,New York,84156,-95.123808,17.3695555
Brandi King,50,2897 Sarah Underpass,East Kristin,Minnesota,84706,-12.240119,-67.982796
Megan Lane,30,4016 Flores Isle Suite 658,Pottsburgh,Maryland,01441,-39.231516,-54.6458665
Jennifer Coleman,30,465 Acosta Parkway Suite 174,Davidburgh,Minnesota,89282,108.823459,-49.018545
Elaine Martin,59,67854 Cisneros Row,Hintonview,New Hampshire,84903,-38.766987,-8.5507975
Adam Hall,73,7572 Lawrence Islands Apt. 560,Davisville,Arkansas,98132,45.322729,2.955515
Brian Nguyen,42,50121 Soto Court Suite 722,West Robertborough,Missouri,00721,1.821306,65.1597775
Amanda Robinson,43,71885 Evans Road,Smithburgh,Kansas,56938,6.845775,-25.2499705
Edwin Davis,20,60773 Glover Light Apt. 191,Lake Danielle,Wyoming,43297,61.758027,73.0030205
Robert Taylor,55,4191 Rodriguez Mountains Suite 041,New Chelseastad,Massachusetts,37739,97.448841,-17.8792585
Scott Golden,35,1849 Timothy Overpass,South David,Connecticut,13021,1.439840,8.9188925
Peter Patton,78,8892 Kristine Estates Apt. 961,Lake Hannah,Texas,03777,-39.123358,-68.9898465
Gregory Brady,22,47023 Schmidt Garden,West Laurie,Nebraska,01611,-164.926188,55.174552
Jane Dennis,31,70191 Thompson Stravenue,Austinmouth,Nevada,87780,-10.582799,43.236122
Michael Hendrix,44,78534 Amy Plain Apt. 730,Josephborough,New Jersey,23224,-78.122303,0.9050005
Wayne Vargas,36,929 Henry Mall Apt. 198,South Robert,Rhode Island,21936,18.853925,-30.0476705
Katherine Sanchez,50,962 Mary Expressway,Whiteburgh,California,72770,-137.986101,-38.2865295
Misty Hall,58,328 Cruz Brooks,North Michael,Ohio,42200,-124.401534,-20.782122
Robert Smith,43,44479 Alfred Fort,Andreabury,Utah,71834,8.492094,15.011336
Amber Lam,30,665 Jeffery Village,Nashstad,Alaska,08918,77.307699,-27.7027775
Erin Morgan,39,80087 Rose Mountains Suite 650,Medinaland,Missouri,13818,34.305401,72.5463385
Angela Schmitt,44,4427 Padilla Route Suite 887,South Michelle,Maryland,80933,-142.317548,44.8855935
Colleen Carrillo,23,897 Joseph Port,West Robertport,Kansas,81835,97.282781,-17.8928995
Mark Shields,47,156 Patricia Falls,West Josephbury,South Carolina,81872,-50.101558,80.529449
Priscilla Martin,60,3362 Miller Parkway Suite 236,Lake Josephmouth,New Hampshire,62224,-0.861546,-33.1994515
Lisa Rowe,69,5635 Bradley Throughway Suite 510,South Branditown,South Carolina,86269,-77.578905,40.347669
Timothy Castillo,36,559 Warren Route,North Robert,Washington,70888,93.260987,67.6337655
Mr. Robert Villegas,80,400 Miller Mission,Taylormouth,Oklahoma,99153,-0.271642,-79.7263525
Amy Short,31,99597 Perez Locks Apt. 897,Lake Matthew,Arkansas,20434,148.273844,30.693757
Elizabeth Lee,78,854 Myers Skyway Suite 959,Richardfurt,North Dakota,40652,12.840567,2.700375
Devon Cortez,26,75657 Chang Mountains Suite 302,Kimberlyland,Colorado,91441,-170.201162,-13.4448695
Hunter Montgomery,52,432 Ashley Walk,Leeberg,Texas,88846,95.242715,3.3081805
David Drake,36,52488 Mathews Heights,Marthaton,Kansas,03707,48.246133,-12.662028
Joseph Brady,78,69508 Parks Trail,Port Kenneth,Colorado,93612,-74.081863,-27.9215005
Eric Lee,74,3838 Michael Shoal,Greenport,Minnesota,06374,-107.426724,2.932804
James Walker,33,8771 Misty Mews Suite 451,Conwayberg,New York,37236,85.849850,-37.2793465
Jeff Dominguez,61,83327 Stewart Mills Suite 330,Ryanmouth,Colorado,07450,-123.509001,-1.6115675
Marissa Williams,53,64438 Young Coves Apt. 392,Holtmouth,North Dakota,08166,95.976343,78.4899575
Marissa Wilson,43,8525 Martin Cape,Brownchester,West Virginia,48036,-130.139706,72.315943
John Wright,59,415 Derek Ford Apt. 264,Paulchester,Iowa,56458,176.626433,33.710020
Denise Cabrera,39,74359 Danielle Unions Apt. 052,Espinozafurt,Massachusetts,72793,104.419640,86.389854
Alexandra Robbins,80,6646 Tracy Rapid Suite 644,East David,Louisiana,58410,70.068222,11.1466065
John Mora,65,3694 Amanda Pine,Nancyview,New Mexico,80439,4.521692,41.493995
Eric Ayers,63,1487 Daniel Pines Suite 616,Thomastown,North Carolina,63650,100.402913,77.1434865
Robert Swanson,47,90708 Caldwell Islands,Port Davidmouth,South Carolina,11242,-166.368777,-20.5485575
Bradley Dean,67,2929 Denise Shoal,Gilbertberg,New Mexico,01727,-12.122461,-1.093038
Sarah Nelson,39,839 Stephanie Extension,South Thomas,Arizona,43207,152.677097,-60.5767725
Sharon Wright,68,4769 Thomas Center,Port Sandra,Colorado,76063,41.168261,-23.203928
James Walker,22,7633 Linda Union,Thompsonmouth,Wyoming,99433,119.234618,-76.730440
Gary Wang,21,29382 Sabrina Bridge Apt. 437,South Michaelborough,Nebraska,78581,-85.066239,86.8062755
Maria Chambers,18,8953 Angela Shoal,Elizabethburgh,Texas,69111,160.224713,14.778305
Lisa Santos,60,72239 Robert Terrace Apt. 043,Ingramfurt,Alabama,39626,-162.524771,-31.8052615
Melanie Simmons,50,8056 Beverly Crescent Apt. 178,Carolynhaven,North Carolina,06854,54.319214,-0.3457915
James Simmons,73,11467 Moore Port,Lucashaven,New Mexico,34274,-96.159883,47.4241215
Eric Rangel,68,740 Jonathan Bypass Apt. 802,Taylormouth,North Dakota,77638,125.183712,80.9982285
Brandy Pitts,70,507 Robinson Loaf,New Aprilmouth,Nebraska,82618,-127.459152,-36.701735
Victoria Johnson,52,70019 Emma Walks Suite 468,Butlerberg,Montana,28072,-153.253530,-67.4863155
Charles Williams,18,6978 Lowe Ports Apt. 692,Cynthiahaven,Illinois,82300,30.548518,-65.734604
Thomas Green,27,08226 Beck Common Apt. 329,Foxland,New Mexico,30721,-96.605855,41.222521
Robert Crawford,74,091 Kathryn Brook,West Clayton,Arizona,13668,-122.767718,-63.5561865
Christina Davis,36,6824 Stephanie Locks Apt. 794,Alvarezmouth,Arkansas,56721,-152.008822,-82.0552705
Michael Horn,47,3835 Justin Flats,Lake Johnshire,Arizona,57035,-169.615114,-80.712439
Russell Anderson,72,8731 Martinez Track Suite 848,East Ryan,Maine,59650,-171.172265,-17.057477
David Garrison,64,274 Nancy Cape,Lake Carolyn,North Carolina,35946,151.520670,20.4594735
Curtis Lee,79,344 Jennifer Row,Marcusview,Arkansas,24704,167.968964,17.385939
Christopher Berry,54,5291 Perkins Bypass Apt. 311,Lake Nicole,Washington,06101,-107.173044,-37.2235415
Vickie Johnson,36,660 Lindsay Locks,Cardenasville,Hawaii,69863,74.245496,-0.3149435
Jeffrey Herrera,65,46102 Gabriel Rue,South Ronald,Georgia,31794,42.957717,41.707858
Michael Hicks,41,85783 Lopez Fork Suite 804,Stonechester,Washington,26220,-119.560944,14.1491405
William Martin,31,68854 Callahan Land Suite 781,Hillton,Indiana,56865,-41.002134,-76.540230
John Cummings,51,502 Lauren Oval,Port David,Utah,28917,18.342451,-56.4164515
Martha Smith,76,079 Michael Rapids,Amandaborough,Washington,37927,64.285245,64.658243
Nicholas Woodard,20,951 Brittany Burgs Suite 968,West Kyleton,New Hampshire,98791,-28.822626,-41.4789965
Ashley Owens,40,97812 Colin Bypass Apt. 528,Martinezfurt,Texas,03263,134.740519,-75.1955275
Ronald Burgess,79,3056 Oconnor Ridge,Romerostad,Montana,42670,-47.723302,-1.9326095
Carlos Long,26,7915 King Cliffs,Mooreborough,New Mexico,18262,37.824518,-37.217787
Jeremiah Garcia,62,257 Lisa Station,East Tiffanyview,New Hampshire,77382,-108.448844,64.056204
Peter Pruitt,23,11404 Latoya Cliff,South Aaronbury,Alaska,38330,-149.629090,29.073940
Jason Bartlett,75,123 Campbell Prairie Suite 756,Hoganport,South Dakota,81909,-58.620165,39.348887
Timothy Peters,64,5731 Schneider Shoal,South Theresa,Mississippi,01939,150.859255,-73.981365
Kelly Sparks,19,966 Christopher Camp Suite 943,Smithside,Rhode Island,92164,-50.185894,63.0019525
Carolyn Rivers,63,25978 Murray Plain Apt. 402,Sandyfurt,Oregon,50618,165.121477,-87.167399
Patricia Cunningham,77,942 William Trail Apt. 665,Cunninghamtown,Rhode Island,22473,125.084392,74.408677
Cassidy Johnston,23,01687 Shannon Motorway,Port Jeremyfort,Alabama,53290,-144.500434,-64.0977905
Kevin Stewart,18,95639 Newman Track Apt. 478,Moonmouth,Texas,04163,85.964596,5.9221255
Martin Morse,71,24738 Hill Forks Apt. 916,South Stevenland,Oregon,72908,22.935547,-47.1287295
Lisa Coleman,32,21520 Smith Plains Suite 936,Lake Eric,Massachusetts,75236,110.547401,49.5018515
Jaime Lambert,47,602 Lloyd Ridge,Garciaville,New Mexico,84038,10.358263,6.736430
Jill Watkins,27,6255 Kristin Crescent,Lake Anthonyview,Colorado,93463,146.282084,-12.987426
Gina Mcclure,52,3590 Jesse Square,Kimstad,Nevada,31238,-69.168195,48.784191
Rodney Baker,73,614 Mclean Port Apt. 412,New Abigailstad,Washington,28972,95.490427,-11.0488945
Patrick Payne,64,4206 Moody Mountain Apt. 025,Port Robertberg,Iowa,99099,-87.551602,43.7988075
Michael Humphrey,37,491 Costa Ways Suite 402,Carneyberg,Michigan,35219,-33.244363,21.4528935
Christopher Lynch,31,986 Stewart Isle Suite 570,East Amy,Arkansas,98673,-144.902939,60.8837325
Melissa Martin,45,563 King Camp,South Phyllishaven,Oregon,03421,-53.046477,-36.720048
Randy Parsons,42,7861 Ryan Haven,North Lisa,Pennsylvania,61187,8.371725,2.300460
Erica Rivas,61,37310 Powell Pass Suite 464,Jeffreymouth,Colorado,99870,65.215238,16.4834755
Carolyn Brown,26,2781 Sarah Well Apt. 076,Bennettton,Hawaii,22774,-38.796636,31.196184
Justin Bell,53,302 Carrie Land Apt. 506,Robertshire,Missouri,63838,-165.083113,-13.527269
Brett Liu,32,986 Phillips Crossroad Suite 114,Floydbury,North Carolina,65956,-170.163078,-65.5645035
Steven Foster,78,3154 Finley Key Apt. 197,New Robertville,Nebraska,85892,158.890916,-48.479493
Jill Mcmahon,68,74858 Kathleen Springs Suite 424,Evanside,Mississippi,39897,-73.855252,-67.4725635
Martha Brennan,77,5543 Ashley Turnpike,Timothytown,Louisiana,59053,72.064008,76.1085895
Dean Palmer,21,8272 Pearson Pass,Port Michellehaven,New Hampshire,12113,-137.063761,62.156842
Jeffrey Wright,38,898 Jose Vista Apt. 386,Kathleenfort,Nebraska,97543,131.975062,67.429868
Michelle Washington,80,6739 Philip Shore Apt. 853,Gonzalezberg,Virginia,68820,171.504298,-29.2370175
Blake Reilly,78,2711 Cynthia Port Suite 618,Johnville,Washington,10120,152.731819,71.7609325
Brittany Morrison,20,0651 Daniels Trafficway Apt. 411,Port Kellyberg,Utah,12834,-115.465343,65.384738
Kenneth Gregory,39,12331 Contreras Street,Lake Eric,Rhode Island,11080,55.871041,54.4740215
Reginald Watson,55,4529 Smith Square Apt. 382,New Jasmine,South Carolina,79998,66.277863,71.0625235
Brendan Avery,27,96186 Elizabeth Villages Apt. 762,Danielchester,Georgia,12056,8.649808,38.9156715
John Fernandez,25,6019 Arthur Trafficway,North Ronald,Maine,68225,-124.079685,-62.699637
Amber Lee,71,80163 David Forges,Mistyshire,Indiana,74265,160.895141,61.411165
Ryan Green,54,713 Erin Crescent,West Julie,Mississippi,84604,-43.862263,-76.6789855
Victor Wong,71,652 David Springs Suite 109,New Jaimebury,Virginia,92633,171.392229,-28.495084
David Bailey,57,2297 Kevin Forges Suite 083,South Linda,Montana,75768,93.000097,10.935546
Margaret Smith,44,40155 Ford Route Apt. 369,Lake Bradborough,New Hampshire,69780,51.750907,-11.810913
Michelle Castro,71,810 Snyder Island Suite 677,Snowshire,Maine,95503,23.673026,42.5092735
Erik Parker,26,2720 Lopez Run,Port Walterfort,South Carolina,35869,-131.254013,12.0154685
Derek Warren,65,5818 Thomas Springs Suite 124,East Davidton,Wisconsin,30617,-146.130391,75.531501
Jennifer Ward,64,30970 William Circles Suite 145,Adammouth,Texas,65324,-1.862254,76.7634185
Michael Palmer,20,435 Thompson River,Kimberlyport,Colorado,74512,-45.127545,8.910713
Kevin Tucker,18,93830 Mann Point Apt. 933,Hernandezfurt,Washington,92240,105.996771,-86.653561
Jennifer Davis,78,3956 Robert Alley Suite 675,Port Lauren,Georgia,32049,61.008363,50.268379
Katrina Cooper,38,2184 Gordon Valley Suite 458,West Steven,South Dakota,27668,-170.105420,-57.967132
Dana Wiley,25,971 Daniel Station,Wesleyville,Oklahoma,28273,-77.641378,-35.385778
Joshua Andrews,79,092 Mcdonald Mountains,North Lawrencestad,Texas,80352,85.278854,58.6095775
Jeffrey Garcia,44,50852 Andrew Valley,Port Walter,Nebraska,06671,-24.538970,-77.746053
Whitney Patterson,65,0342 May Ville,Gatestown,Washington,06451,-118.617560,-85.403890
Mary Moses,49,532 Brown Road Apt. 496,Frankton,New Hampshire,82342,-115.666556,29.624348
Caroline Hunter,57,811 Tammy View Suite 285,North Douglas,Wyoming,89395,-91.768996,-3.281812
Connor Brown,24,94241 Jessica Islands Suite 821,Jamiebury,Maine,90758,127.696553,-79.995774
Douglas Russell,45,148 Roy Turnpike,Ramirezhaven,New Jersey,15161,142.062662,-19.2674595
Cameron Li,26,265 Hess Court,East Barbaraburgh,Pennsylvania,33111,-40.592545,-72.6387625
Brooke Weber,60,08150 George Fall,Carterfurt,West Virginia,71072,151.108754,-7.895042
David Harris,69,2817 Cunningham Cliffs Suite 729,Saraberg,Maryland,45965,-110.145875,84.0106565
Joshua Rose,67,39038 Brandon Via,Gardnerfort,Iowa,67737,-107.237663,-38.626156
Kimberly Pugh,47,371 Darren Crossroad,Lake Elizabeth,Vermont,92354,151.080254,73.1480495
Austin Gray,50,5196 Walls Rapids Apt. 831,South Jessica,Oklahoma,00878,74.588089,-76.1742205
Nina Jones,73,3901 Rivera Mount Suite 303,Port Jason,Arizona,42019,73.760801,79.084215
Brian Gonzalez,52,8363 Melissa Crest,Lake Brittanyhaven,Virginia,80911,167.093466,83.9750055
Mr. Larry Murillo,63,10389 Tina Causeway,New Kimberly,West Virginia,40308,52.011462,66.4718555
Leslie Davis,77,49152 Emma Pass Apt. 979,Leeville,Rhode Island,81650,93.439164,62.4208675
Dominic Robinson,18,28021 Anthony Center,South Emilyport,North Carolina,58009,21.329419,-31.8782955
Anthony Deleon,66,725 Kenneth Locks,Boyerborough,Ohio,03936,-4.345721,-57.0175705
Lauren Miller,80,881 Mora Fort,Port Davidport,Colorado,19058,-116.760399,61.8880415
Matthew Gordon,44,17418 Brooks Mission Suite 591,Garciatown,Michigan,81868,175.731572,10.581173
Tyrone Hall,29,109 Michael Stravenue,Travisstad,Nebraska,15949,30.446881,-20.7472485
Scott Rivers,45,22744 Frederick Gateway,South Alexanderland,Idaho,42350,-21.691889,-26.9161905
Hannah Gray,24,84083 Peter Mews Apt. 447,New Gary,Oklahoma,23337,35.262222,51.641104
Amber Dixon,30,466 Kristen Shore,East Amychester,Indiana,64593,-95.975008,36.266820
Danielle Miller,77,85378 Martinez Vista Suite 073,Lake Ashley,Hawaii,91193,-46.570765,7.0234195
William Roth,40,574 Robert Squares,West Ericafort,Kansas,77756,58.615146,-53.7298055
Wesley Acosta,52,859 Orr Stream,New Kenneth,New York,75788,-83.169389,-14.3120355
Kyle Frazier,51,04150 Robert Landing Apt. 151,Kennethberg,Arizona,97058,4.221846,18.274250
Dominic Garrett,26,8423 Smith Cliffs,Scotttown,Alaska,17671,-75.512353,-15.3658065
Tara Kelly,43,2952 Lawrence Corner Apt. 765,Markville,Missouri,95276,177.487275,-74.6908275
Katherine York,19,43706 Bradshaw Islands Apt. 729,Lopezville,Kansas,27104,9.181180,66.0601945
Lisa Davenport,51,92061 Justin Flats Suite 341,South Georgefurt,Montana,98700,-154.337355,-81.054274
David Powell,45,49240 Gay Circle,South Richardchester,Michigan,69002,157.050356,9.594566
Patricia Boyle DDS,66,923 Mcintosh Oval Suite 791,East Melissa,New Mexico,16531,-85.981681,-11.7147935
Geoffrey Coleman,53,0292 Wright Trace Suite 269,Desireefort,Rhode Island,84695,90.362401,-23.812861
Lindsey Williams,54,8994 Shaw Throughway Suite 002,New Carolyn,Arizona,45118,-18.791846,-69.0880675
Anne Valencia,30,8516 Melissa Ways Suite 098,Janetburgh,North Carolina,92046,-34.491645,-84.7981015
Pamela Mccall,55,1499 Jonathan Bridge,Lake Phillipborough,Michigan,29769,-67.788135,20.038168
Katherine Clark,41,23102 Allison Drive Suite 184,Cherylmouth,Connecticut,19787,78.547029,-47.025470
Robert Summers,69,317 Cunningham Pine Apt. 670,North Taylor,Oklahoma,79949,140.862899,48.330801
Travis Cain,70,74708 Catherine Shore,South Caitlynport,Illinois,11396,111.106837,71.423843
Patricia Henry,43,162 Alvarez Shores,Mackenzieshire,Wisconsin,70739,-18.383727,64.609975
Jeffrey Lang,39,049 Cole Drive Apt. 864,West Diana,Vermont,73988,130.290559,45.5758525
Amanda Cole,36,9880 Nichole Knoll Apt. 476,West Tonyafurt,South Dakota,65341,81.159489,44.7013735
Dustin Nichols,67,05656 Ian Mills Suite 745,North Joy,Kansas,91839,120.201834,-56.8512475
Kenneth Williams,69,125 Meyer Villages Apt. 495,West Johnmouth,Wyoming,71713,-108.417296,42.105128
Robert Sanchez,22,8483 Rubio Well,Benjaminborough,North Dakota,34530,-7.061190,70.588397
Angela Rose,48,6791 Gary Unions,Newtonstad,Washington,26319,112.516531,6.132241
Brittany Rodriguez,62,936 Diane Port,Garciaview,Ohio,78774,9.128215,-72.083863
Jennifer Clark,62,4742 Dave River Apt. 441,West Jamie,Alabama,19232,-18.839624,-2.5247025
Emily Riddle,72,9694 Mahoney Fords,Harmonbury,Connecticut,29551,-100.363061,55.136452
Lisa Evans,51,96895 Kaiser Circle Suite 461,East Sean,Michigan,76045,105.380255,62.6359395
Troy Delacruz,32,728 Washington River Suite 080,Lake Paulborough,Pennsylvania,90562,-132.827139,87.006756
Anita Thornton,52,39849 Anna Burg,Fieldsport,Pennsylvania,37030,-161.249897,78.736558
Robert Simmons,49,66619 Troy Highway,Greershire,Arizona,04225,21.637036,-9.1226525
Megan Mcdonald,22,1580 Cynthia Course Suite 244,Angelaview,Maryland,27834,-95.816774,-40.2816005
Matthew Collins,59,155 Wilson Mall,East Cheryl,Oregon,68591,-123.936361,36.1622255
Joel Marshall,63,33518 Snyder Centers,Warrenport,Nebraska,70315,169.116683,42.897787
Robert Parsons,40,178 Kristin Expressway,Peterbury,Hawaii,38450,1.201384,-67.446742
Amanda Kelly,76,146 Donald Islands Apt. 090,Jonathanchester,Delaware,23978,-38.180695,31.9444675
Bradley Tucker,55,87358 Kelly Falls,Christophermouth,Maryland,55120,-169.634179,-85.9101975
Cathy Fletcher,80,8777 Le Heights,Suzanneview,North Carolina,79451,126.214121,-59.452183
Michelle Allison,70,575 Jack Port Suite 742,Brandonview,North Dakota,56541,-162.970821,78.928145
Charles Kennedy,70,3089 Miranda Keys,Willisville,Wyoming,94730,-61.777308,-7.8565195
Kelsey Cooper,22,54900 Hernandez Shoal Apt. 940,Brittneymouth,Connecticut,58823,-74.823414,-84.384157
James Thomas,25,566 Grant Forge,Harrellport,Oregon,26503,-127.684570,21.5176405
David Jones,46,085 Molly Square Suite 133,Matthewside,Kentucky,71119,-122.503007,-63.770348
Shannon Christensen,51,09898 Banks Stream,Phillipshire,Tennessee,57973,-134.877608,-43.805606
Sandra Nguyen,69,43135 Turner Pass Suite 397,New Gerald,Michigan,29522,146.203490,32.4602045
Tammy Stevenson,28,32804 Sandra Row,South Alexfurt,Oregon,96802,61.062651,-88.8799715
Matthew Woodward,65,2522 Renee Ford,New Andrewfurt,Texas,95256,-6.663595,-43.463527
Cassandra Barnes,19,860 White Way,Jacquelinebury,Utah,84417,119.490362,-79.176548
Tony Delgado,68,6877 Charlotte Garden,North Terristad,Delaware,64782,91.688160,-6.459174
Norman Wilson II,69,025 Ramirez Meadows,Jasonshire,Michigan,85350,-173.380053,-16.1906025
Vanessa Hernandez,47,161 Robert Vista,Jenniferfort,North Dakota,89526,-95.416072,-32.799443
David Smith,67,83738 Wayne Villages Apt. 126,Diazhaven,Nevada,05419,-75.104199,-31.970729
Jason Butler,67,691 Edgar Spur Suite 151,West Emilystad,New Hampshire,35125,86.855143,-84.778602
Peggy Bradley,57,6507 Angela Stravenue,North Barbara,Kentucky,03748,130.035842,20.6278515
Mark Contreras,72,664 Ashlee Hollow Suite 472,East Davidfurt,Alabama,47194,78.295751,29.5787305
Kim Sanchez,40,730 James Springs,Virginiabury,Connecticut,61345,-66.275324,-63.3586345
Lori Medina,45,71917 Steven Station,Masonmouth,Massachusetts,83894,-61.965180,-9.1535565
Toni Elliott,64,9238 James Roads Suite 318,North Sean,North Carolina,57815,101.218899,-22.911201
Lori Phelps,60,8264 Sutton Avenue,North Anthonyville,South Dakota,76332,-12.519759,-47.1716625
Harold Stokes,79,7942 Timothy Camp Suite 485,Mathisbury,Nevada,55605,-65.408887,24.6427275
Thomas Fox,45,68739 Michelle Gardens Suite 165,New Stevemouth,Rhode Island,08493,55.439006,9.2262575
Sarah Carroll,63,26378 Lane Cape Suite 186,Lake Kimberly,Nevada,00802,-173.399155,15.0629005
Amy Murphy,46,807 Chad Valley Apt. 750,Lake Katherineborough,Vermont,34041,123.027711,63.840486
Richard Rodriguez,60,18427 Charles Summit Apt. 653,Nelsonmouth,Indiana,59640,59.802980,-13.1644915
Brian Daniels,35,33808 Wiley Stravenue Suite 599,Stevenside,Arizona,45605,156.119595,19.076945
Carol Warner,65,1422 Sarah Branch Apt. 101,East Jose,Minnesota,74016,174.539214,66.2195075
Diane Contreras,22,609 Arias Cove Apt. 424,Jeremyville,Indiana,62577,80.669227,-19.5069005
Daniel Williams,61,847 Miller Courts,New Tanyaport,New Mexico,02136,131.924640,43.297306
Tina Yates,27,093 Neal Common,Bauerside,Rhode Island,00742,108.230019,32.1327965
Jeremy Smith,42,22680 Hughes Field,Port Christopher,Virginia,46807,139.389950,54.0223935
Maureen Carter,31,34735 Lewis Bridge,Terrymouth,Kentucky,85182,58.484596,38.330281
Elizabeth Cervantes,36,82290 Burton Field Apt. 770,Meganshire,Oregon,16651,80.492488,44.150010
Dwayne Cook,67,13754 Sullivan Springs Apt. 624,Scottstad,New York,26021,159.080865,16.943201
Barbara Jones,54,1852 Madison Rue Suite 518,Peterview,West Virginia,37715,-90.180548,-60.4969645
Carrie Johnson,35,741 Gregory Point Suite 146,New Kelly,Florida,05889,-95.860688,-41.182048
Theresa Wilson,78,5082 George Street Apt. 570,North Christopher,Virginia,28259,55.154026,-88.931858
Charles Stevenson,71,2122 Torres Cliff,Kinghaven,South Dakota,73539,-179.853558,36.1719785
Kevin Williams,42,13837 Nelson Spring Apt. 509,South Cherylborough,West Virginia,09508,1.249461,4.459677
Dan Smith,55,03085 Mack Street,East Ricky,Maryland,37829,-88.780455,13.086472
John Pearson,52,48011 Peter Neck,Anthonyfurt,Indiana,36147,55.969069,-52.5762375
Toni Ramirez,25,65426 Miller Port,East Emilymouth,Ohio,16445,-37.640633,-71.289159
Justin Coleman,35,643 Davis Turnpike Apt. 724,Kevinville,Ohio,18655,105.255192,-35.640293
Derrick Morris,69,755 Dougherty Greens,Jacksonshire,Alabama,65943,-0.722509,13.0073555
Brianna Hernandez,64,681 Jeremy Street,Crossfurt,New Jersey,20544,16.587992,29.1886415
Karen Farley MD,33,8638 Jill Hollow,Port Johnhaven,Wyoming,67819,-118.767768,3.157178
Ricardo Crawford,40,55326 Melissa Mount,South Nancyton,Nevada,17781,-23.555854,-8.5799645
Cassandra Ellis,23,798 Ramirez Inlet,North Jodi,Kansas,42795,119.676554,46.8085395
Elizabeth Smith,66,75648 Amy Square,Wilsonshire,New York,69070,-108.467277,-11.7502785
Adam Shaw,27,26977 Jessica Vista,Lawsonport,Tennessee,61578,-165.980488,-56.497874
Michael Rose,54,377 Garner Plain Apt. 527,Phillipsfort,Nebraska,18618,63.115598,-65.191398
Phyllis Chavez,29,0239 Walker Ford Suite 217,West Josephshire,Michigan,42650,-9.314494,-0.5683485
Anthony Washington,76,74367 Mcmillan Orchard,Brownshire,Louisiana,19846,111.016965,33.3184115
Bryce Cortez,70,449 Salazar Curve Apt. 369,West Catherinehaven,Maryland,33533,-122.893423,64.2385855
Terry Gomez,18,909 Diana Radial Apt. 611,Bakerview,Virginia,61195,148.092317,-55.007611
David Lowe,33,7688 Allen Ports,Johnsonmouth,Louisiana,87269,46.329204,-44.427712
Bryan Henry,60,80107 Nelson Route Suite 320,Robertport,New Jersey,37147,82.576198,12.349346
Kurt Taylor,30,3464 Craig Light Suite 907,Cookville,Louisiana,47029,125.561169,-80.6991785
Ashley Wilson,41,41743 Weiss Point,Port Samuelton,Vermont,86985,13.090131,39.660268
Mark Stewart,22,80209 Kevin Drive,West Ronald,Louisiana,06367,79.356619,54.827504
Ann Nunez,73,509 Grimes Mills Apt. 322,Lake Robertstad,Connecticut,23814,105.792393,84.0417445
Kristen Rogers,75,4412 Matthew Dam,Cassandraton,Vermont,34762,121.495749,23.1616475
Michael Ford,28,57232 Williams Green Apt. 118,New Holly,Virginia,60513,-138.539762,-25.8268685
Daniel Jackson,62,45373 Gordon Camp,Summersfurt,Virginia,32508,-45.157568,-86.619928
Michael Shelton,46,04238 Phillips Well Apt. 460,North April,North Carolina,42893,-143.141554,20.5762885
Jenny Strong,66,00388 Cameron Fall,West Dennis,Connecticut,71807,60.902130,-59.2957545
Ryan Gomez,34,89657 Benjamin Radial,South Alexandrastad,Iowa,64793,-9.568342,80.098217
Tamara Johnson,78,8427 Smith Fork,Leblancville,Rhode Island,31602,62.461191,58.783174
Arthur Guerra,39,62432 Morrison Light,South Tiffany,North Carolina,38145,-16.288892,-81.7895775
Karen Stephens,25,669 Michelle Haven,West Michaelhaven,Utah,22243,13.887309,68.028156
Tina Carlson,72,98489 Daniel Brooks,Amandaberg,Alaska,50975,-14.532206,-84.4693025
Crystal Frost,66,72487 Buckley Corners Suite 029,New Richardville,Missouri,21264,93.175751,-74.492272
Christy Cooley,43,4423 Heather Lake Suite 299,Christopherfurt,Delaware,54630,-95.895333,-20.057621
Brian Garner,30,956 Nelson Ford Suite 675,Gilmorebury,New Hampshire,83261,151.109087,-65.401123
Melissa Romero,71,9854 Kevin Summit Suite 939,Johnsonstad,Idaho,54398,-68.474184,65.443289
Steven Mitchell,70,85103 Robert Cliff,South Michael,Florida,69257,-138.860194,46.6872945
Tanya Murphy,66,075 Smith Centers,West Michaeltown,Massachusetts,62108,-109.636159,69.6394895
Troy Hale,65,2844 Bullock Walks,North Mistyfurt,Iowa,37624,-129.319823,71.8112055
Elizabeth Allison,79,75005 Lori Flats,Bensonberg,Texas,65678,-111.191298,-66.1748735
Gina King,80,6499 Daniel Crest,Lake Jameshaven,Oregon,65068,-70.808647,55.082937
Michael Livingston,43,85414 Gutierrez Rue,Port Tiffanyburgh,Louisiana,24973,-129.808116,-7.9299135
Amber Hunter,44,8507 Amanda Place,East Jessefort,Vermont,14125,-39.700923,-51.6205065
Jimmy Moreno,49,309 Austin Ways,Webbshire,South Carolina,76199,50.111094,-64.270497
Krystal Brooks,24,52595 Thompson Bypass Suite 947,North Amandaland,Illinois,66940,104.156984,-86.7109775
Thomas Weber,65,82860 Hernandez Street Suite 997,Susanburgh,Virginia,11241,31.108140,-54.128997
Kayla Austin,52,56270 Katherine Pike Apt. 788,West Sarahmouth,New Mexico,08594,80.044269,34.5501875
Sean Hanson,80,085 Gerald Junction,West Candaceton,North Dakota,46675,157.442837,4.2963005
Pam Johnson,59,7474 Nichols Vista Apt. 845,North Jeremyburgh,Arkansas,22535,157.873897,73.225216
Dr. Michael Ortega II,45,08572 Lawson Creek,New David,Virginia,96881,87.604675,-66.075617
Paul Kennedy,57,00370 Ramirez Inlet Apt. 151,South Monica,New Mexico,84633,-24.349960,-65.481441
Megan Smith,18,473 Smith Fork Apt. 986,Kennethport,Iowa,93783,112.228068,-13.418906
Danielle Knight,36,64896 Aaron Passage,Christinafort,Nebraska,39501,-150.206965,-63.9702125
Sarah Graham,76,6615 Payne Valleys,Ashleyberg,Florida,55725,94.893863,-89.9424455
Bradley Johnson,34,79431 Tanya Causeway Apt. 762,Sandrashire,Massachusetts,07942,35.264752,6.0381445
William Drake,35,2795 Thompson Plaza,West Stephenville,Missouri,02464,65.340019,-70.9455075
Michael Graves,19,77197 Donald Park Apt. 929,Jonesmouth,Massachusetts,63380,100.738362,-1.1731625
Jeff Martinez,55,27145 Hill Rapid,Port Jacobport,Arizona,83752,96.538283,-53.335938
Stacy Perez,40,900 Moore Fort Apt. 279,Lake Shellyport,Maryland,61218,90.071490,59.355559
Kathryn Roberts,29,03067 Moore Crest,Sandrafort,Illinois,53241,-20.984014,-82.522614
Sarah Thompson,36,6778 Alexis Orchard Suite 992,Kristinport,West Virginia,57150,115.753860,56.6254385
Melinda Duffy,61,087 Richards Fields,Mitchellmouth,Alaska,53735,154.300970,12.9031245
Sharon Parker,20,0121 Arthur Common,Schmidtfurt,Maine,35339,75.795535,89.067139
Vincent Conrad,43,14230 Jeffery Underpass,Port James,Texas,18873,-141.739577,28.3368525
Kathryn Baxter,26,0949 Lance Causeway,Hendersonside,Alaska,38119,166.641984,55.5461925
Emily Mendoza,52,9097 Daniel Hill,New Cheryl,Tennessee,37772,-94.604613,36.867968
Erica Torres,20,78397 Pena Pines,Smithborough,Tennessee,31561,-64.299341,-4.7817195
Adam Howell,57,33250 Hicks Cliff,Walkerhaven,Texas,77758,104.534973,-19.6840465
Melanie Miller,41,922 Rodriguez Radial Apt. 711,Port Stephen,Indiana,91825,156.937629,22.065838
John Long,35,694 Richardson Village,Jasonside,Idaho,77833,100.348646,-65.1634265
Gabriel Rogers,69,9218 Ryan Crescent,Lake Brooke,Pennsylvania,18152,162.557673,76.8957735
Felicia Palmer,78,052 Moreno Rapids,Garrettport,California,26532,-127.541447,-85.4417855
Jessica Williams,57,50303 Patterson Court,Millerland,Georgia,69886,-10.096434,18.0090345
Stacy Juarez,50,751 Williams Gardens,Joshuafurt,Alabama,16796,16.368364,-19.5853515
Michelle Macdonald,53,76117 Joseph Terrace,Jenniferfurt,Oklahoma,35933,-59.933140,55.3576705
Allison Stokes,52,0328 Stephanie Wells Suite 831,Lake Patricia,Kansas,00657,144.154109,44.5078435
Jonathan Harvey,70,11248 Smith Land,Mariofort,Nebraska,88247,131.650337,-28.6091775
Kristin Acevedo,57,639 Gloria Center Apt. 478,Gardnerberg,Arizona,66109,-12.156036,20.688443
Michael Willis,57,749 Ethan Mountain,North Charles,Maine,79264,90.694203,15.5538705
Leslie Davis,22,64628 Brian Forge,Danaland,Indiana,89643,37.838016,1.165421
Anna Reilly,29,973 Oliver Walks Apt. 955,Hutchinsonburgh,Kansas,39129,152.792858,-81.086044
Nicholas Parks,39,22712 Nicole Expressway,Port Ericport,Delaware,53037,-40.019635,-44.639812
Lauren Russell,40,2526 Duffy Oval,Delgadoton,Indiana,13346,-162.508702,-2.791436
Michelle Ballard,40,7997 Mccoy Key,Martinmouth,Vermont,47755,-123.197875,51.5168765
Amber Graves,78,018 Gonzalez Estates,Bowersstad,Montana,75167,4.461663,-43.5610345
Alexander Spencer,60,908 Smith Fort,West Natasha,Georgia,34031,-112.729415,-17.663816
Leslie Douglas,42,436 Katie Union,South Susan,Mississippi,81360,97.973368,58.0609765
John Holloway,26,031 Wright Square,New Kimberlyton,Nevada,09510,100.879120,-30.0218445
Sylvia Avila,50,1661 Robert Center,North Renee,New Mexico,14716,77.732202,-13.9313085
Dana Olsen,68,3318 Kerry Port Suite 936,Brownstad,New York,91094,177.999817,6.062887
Emily Moore,20,11817 Brown Land Suite 063,West Courtney,New Hampshire,94495,17.223515,11.787002
Christopher Stark,57,95593 Stephen Circle,West Andrew,Tennessee,60586,125.920869,-35.6164455
Deanna Park,54,954 Julie Key Apt. 892,Christianborough,Minnesota,26503,105.501418,-48.418457
Charles Kim,23,4962 Gamble Heights Suite 443,North Jacobland,Rhode Island,61705,8.834269,20.1906085
William Miller,53,02283 Sabrina Lodge Suite 457,Tonyaview,Arkansas,55321,75.191708,73.058874
David Tucker,68,7281 Elizabeth Neck Suite 790,South Karentown,Arkansas,84233,-115.524710,-39.0591015
Lisa Miller,45,815 Candace Bypass Apt. 689,Martinfurt,Georgia,34505,68.704133,-38.9394975
Jamie Roberts,48,00671 Alvarez Brook Suite 927,Timothytown,Vermont,51723,132.328073,51.498230
April Gomez,35,450 Karen Throughway,Kevinfort,Arkansas,31193,-163.823358,-85.018378
Amanda Banks,71,96403 Sexton Spring,South Frankport,Massachusetts,65342,-10.579062,-16.599464
Taylor Kelley,23,3046 Guzman Trail Suite 935,New Marioburgh,New York,52350,13.788308,-74.4713395
Sarah Flynn,25,53433 Ellis Crossing Apt. 763,Bethshire,New York,08530,-14.498240,82.060182
Tony Maldonado,78,30059 Smith Extensions,Penaton,Georgia,28174,106.130121,-89.4744005
Penny Mccarthy,43,9398 Hayes Vista Suite 619,Blanchardborough,Montana,57689,-140.715760,22.9393865
Chelsey Willis,48,37289 Earl Heights,North Michael,Wyoming,06388,-44.809696,2.091426
Jessica Montes,77,385 Jackson Springs,Macdonaldfort,New Hampshire,65359,178.886420,-75.555182
Catherine Daniels,27,21102 Lori Mountain,Hillton,New York,14744,-106.040391,66.134614
Jillian Wright,41,665 Yu Radial Suite 445,South Ericport,Iowa,61652,28.302971,-44.7269705
Carolyn Lee,28,3860 Howell Meadows Suite 805,Sanchezmouth,Texas,22138,-96.945703,-5.183007
Heather Ramirez,78,469 Novak Inlet Apt. 270,West Debraland,Idaho,20369,6.625250,-5.3982585
Todd Francis,71,182 Shelly Curve Suite 148,New Shirleyland,Arizona,84789,138.468127,68.633527
Angela Rhodes,22,370 Lopez Gardens,Gutierrezfort,Rhode Island,14482,86.691342,76.4560735
Maria Yang,53,0806 Pamela Road Suite 260,Patriciamouth,Missouri,74639,31.571829,21.288540
Jonathan Newman,31,39682 Ryan Row Suite 406,West Robertside,Tennessee,73161,-128.912265,18.1464035
Kelly White,40,4206 Mary Lodge Apt. 259,Diazchester,Maryland,14899,-26.432743,54.874279
Connie Lin,47,6614 Miller Plains Suite 129,Kevinbury,Indiana,11559,90.254904,34.748439
Zachary Mason,33,56249 Keith Islands Suite 440,South Suzanneside,Georgia,14885,108.545013,-75.4404545
Brandon Beck,21,1677 Raymond Street,East Juliefort,Maryland,57437,21.058791,15.804621
James Miller,19,306 Kristy Wall Suite 511,Davidsontown,Delaware,85588,123.380335,35.8018815
Todd Hardy,60,559 Kyle Avenue Apt. 432,Montgomerymouth,Tennessee,88406,-76.269712,-26.4666195
Carol Hale,53,59738 Anderson Pines Apt. 311,Suarezton,North Carolina,11069,-91.302381,23.277204
Sandra Zavala,58,674 Matthew Causeway Suite 673,New Alyssa,Montana,18719,-24.902451,-26.993228
Haley Hamilton,58,544 Alexis Pines,South Tammyfort,Virginia,77148,24.132747,81.7874365
Crystal Campbell,43,633 Flores Plains Suite 341,Rebeccaborough,Minnesota,71155,-46.198558,-83.630219
Philip Cooper,61,0212 Sandra Island Apt. 472,South Darlene,California,13820,-169.253495,-19.287921
Eric Bates,75,9022 Castro Ridges Apt. 599,North Amanda,Pennsylvania,89982,161.167825,63.674378
Robert Bartlett,73,9296 Gabriella Plain,Port Jamesport,Alabama,30585,177.273024,-75.8969525
Christopher Jensen,32,0096 Valencia Pines,Jessicachester,Georgia,53137,-130.573438,62.3000515
Victoria Mitchell,72,748 Gonzalez Centers Suite 750,East Sandra,Arkansas,42445,49.485429,32.3878815
Richard Smith,52,01604 Michael Roads Suite 100,Jonesfort,Washington,04143,-33.967995,-38.716595
Howard Jackson,49,311 Mercado Vista Suite 029,Amymouth,North Carolina,91941,104.931673,18.699549
Eric Howard,76,76775 Cynthia Orchard Suite 056,Wilsonfort,Connecticut,95396,20.753074,-11.0437395
Luis Mcintosh,43,25632 Bennett Courts Apt. 240,Stephanieport,Connecticut,54214,-119.624125,34.6121865
Emily Moody,66,1192 Ayers Greens Suite 630,North Michaelbury,North Dakota,99186,-148.453925,-51.075204
Sierra Saunders,54,6746 Ortiz Well,West Mikefurt,New Mexico,43119,160.966990,-68.290982
Sean Perry,58,19141 Brown Divide Apt. 910,Sierrachester,Rhode Island,88145,-128.330347,2.6110165
Karen Hernandez,26,27615 Nixon Place Suite 809,South Scott,Utah,84614,-30.105077,52.960064
Brittany Spencer,37,868 Angela Spur Apt. 550,Hernandezville,Alaska,78725,-27.696535,69.6076965
Brent Waller,53,509 Tammy Tunnel Apt. 418,Toddfort,Iowa,27289,-28.004107,53.404375
Travis Diaz,48,61120 Christopher Lakes Suite 636,South Sheryl,Tennessee,35589,51.927450,80.1808035
Rebekah Novak,55,530 Armstrong Mount Suite 021,South Seanchester,South Carolina,18070,118.498858,-30.126933
Kim Guzman,50,689 Miller Lights,North Amyberg,Iowa,79309,35.475001,23.555413
Vanessa Mullen,43,6739 Joshua Locks Apt. 818,West Joseside,Minnesota,94077,-17.696803,22.785737
Alexander Hernandez,53,838 Choi Roads,East Gloriaside,Utah,01230,-154.176429,-9.7711975
Colleen Green,42,27999 Mccarthy Point,Rebeccaton,Arizona,23419,89.739900,5.1061095
Lance Miller,29,25824 Weeks Fords Apt. 524,South Kim,Kentucky,81295,-83.918093,-46.986472
Mackenzie Scott,26,07594 Elizabeth Viaduct Apt. 003,Amymouth,Illinois,30651,81.357647,-25.956916
Melissa Miller,58,7017 Miller Views,New Roger,Wyoming,31979,178.436803,60.7757765
